"","country","year","pop"
"1","Afghanistan","1985",13120
"2","Albania","1985",2957
"3","Algeria","1985",22008
"4","American Samoa","1985",39
"5","Andorra","1985",45
"6","Angola","1985",8390
"7","Anguilla (UK)","1985",7
"8","Antigua and Barbuda","1985",64
"9","Argentina","1985",30672
"10","Armenia","1985",3374
"11","Aruba (Netherlands)","1985",62
"12","Australia","1985",15695
"13","Austria","1985",7560
"14","Azerbaijan","1985",6845
"15","Bahamas","1985",228
"16","Bahrain","1985",423
"17","Bangladesh","1985",102308
"18","Barbados","1985",257
"19","Belarus","1985",9982
"20","Belgium","1985",9858
"21","Belize","1985",166
"22","Benin","1985",4030
"23","Bermuda (UK)","1985",56
"24","Bhutan","1985",529
"25","Bolivia","1985",5935
"26","Bosnia and Herzegovina","1985",4275
"27","Botswana","1985",1080
"28","Brazil","1985",137382
"29","British Virgin Islands","1985",13
"30","Brunei","1985",218
"31","Bulgaria","1985",8944
"32","Burkina Faso","1985",7171
"33","Burundi","1985",4922
"34","Cambodia","1985",7841
"35","Cameroon","1985",10191
"36","Canada","1985",25942
"37","Cape Verde","1985",317
"38","Cayman Islands (UK)","1985",21
"39","Central African Republic","1985",2714
"40","Chad","1985",5066
"41","Chile","1985",12068
"42","China","1985",1058008
"43","Colombia","1985",29748
"44","Comoros","1985",383
"45","Congo (Brazzaville)","1985",1942
"46","Congo (Kinshasa)","1985",33348
"47","Costa Rica","1985",2644
"48","Croatia","1985",4458
"49","Cuba","1985",10065
"50","Curaçao (Netherlands)","1985",154
"51","Cyprus","1985",679
"52","Czech Republic","1985",10310
"53","Denmark","1985",5114
"54","Djibouti","1985",382
"55","Dominica","1985",73
"56","Dominican Republic","1985",6379
"57","Ecuador","1985",9062
"58","Egypt","1985",50052
"59","El Salvador","1985",4671
"60","Equatorial Guinea","1985",325
"61","Eritrea","1985",2941
"62","Estonia","1985",1538
"63","Ethiopia","1985",42227
"64","Faroe Islands (Denmark)","1985",46
"65","Federated States of Micronesia","1985",91
"66","Fiji","1985",699
"67","Finland","1985",4902
"68","France","1985",56490
"69","French Polynesia","1985",175
"70","Gabon","1985",833
"71","Gambia","1985",773
"72","Gaza Strip","1985",532
"73","Georgia","1985",5193
"74","Germany","1985",77685
"75","Ghana","1985",13229
"76","Gibraltar (UK)","1985",29
"77","Greece","1985",9923
"78","Greenland (Denmark)","1985",53
"79","Grenada","1985",93
"80","Guam (US)","1985",121
"81","Guatemala","1985",7581
"82","Guernsey (UK)","1985",55
"83","Guinea","1985",5227
"84","Guinea-Bissau","1985",885
"85","Guyana","1985",762
"86","Haiti","1985",6120
"87","Honduras","1985",4077
"88","Hong Kong (China)","1985",5456
"89","Hungary","1985",10649
"90","Iceland","1985",241
"91","India","1985",759612
"92","Indonesia","1985",166119
"93","Iran","1985",48619
"94","Iraq","1985",15694
"95","Ireland","1985",3540
"96","Isle of Man (UK)","1985",64
"97","Israel","1985",4068
"98","Italy","1985",56718
"99","Ivory Coast","1985",10332
"100","Jamaica","1985",2318
"101","Japan","1985",120754
"102","Jersey (UK)","1985",80
"103","Jordan","1985",2630
"104","Kazakhstan","1985",15999
"105","Kenya","1985",19762
"106","Kiribati","1985",62
"107","Kuwait","1985",1733
"108","Kyrgyzstan","1985",4006
"109","Laos","1985",3657
"110","Latvia","1985",2606
"111","Lebanon","1985",3171
"112","Lesotho","1985",1552
"113","Liberia","1985",2162
"114","Libya","1985",3680
"115","Liechtenstein","1985",27
"116","Lithuania","1985",3587
"117","Luxembourg","1985",367
"118","Macau (China)","1985",306
"119","Macedonia","1985",1845
"120","Madagascar","1985",10029
"121","Malawi","1985",7330
"122","Malaysia","1985",15649
"123","Maldives","1985",177
"124","Mali","1985",7506
"125","Malta","1985",347
"126","Marshall Islands","1985",38
"127","Mauritania","1985",1723
"128","Mauritius","1985",1021
"129","Mayotte (France)","1985",71
"130","Mexico","1985",76767
"131","Moldova","1985",4148
"132","Monaco","1985",28
"133","Mongolia","1985",1908
"134","Montenegro","1985",561
"135","Montserrat (UK)","1985",11
"136","Morocco","1985",21644
"137","Mozambique","1985",13293
"138","Myanmar","1985",36766
"139","Namibia","1985",1204
"140","Nauru","1985",9
"141","Nepal","1985",16570
"142","Netherlands","1985",14504
"143","New Caledonia (France)","1985",153
"144","New Zealand","1985",3324
"145","Nicaragua","1985",3180
"146","Niger","1985",6869
"147","Nigeria","1985",84898
"148","North Korea","1985",18831
"149","Northern Mariana Islands (US)","1985",21
"150","Norway","1985",4152
"151","Oman","1985",1497
"152","Pakistan","1985",102079
"153","Palau","1985",14
"154","Panama","1985",2168
"155","Papua New Guinea","1985",3229
"156","Paraguay","1985",3633
"157","Peru","1985",19379
"158","Philippines","1985",57706
"159","Poland","1985",37226
"160","Portugal","1985",9897
"161","Puerto Rico","1985",3382
"162","Qatar","1985",342
"163","Romania","1985",22521
"164","Russia","1985",143938
"165","Rwanda","1985",5987
"166","Saint Barthélemy (France)","1985",4
"167","Saint Helena Ascension and Tristan da Cunha (UK)","1985",8
"168","Saint Kitts and Nevis","1985",43
"169","Saint Lucia","1985",131
"170","Saint Martin (France)","1985",15
"171","Saint Pierre and Miquelon (France)","1985",6
"172","Saint Vincent and the Grenadines","1985",104
"173","Samoa","1985",161
"174","San Marino","1985",23
"175","São Tomé and Príncipe","1985",104
"176","Saudi Arabia","1985",13330
"177","Senegal","1985",6378
"178","Serbia","1985",7720
"179","Seychelles","1985",67
"180","Sierra Leone","1985",3703
"181","Singapore","1985",2750
"182","Sint Maarten (Netherlands)","1985",19
"183","Slovakia","1985",5145
"184","Slovenia","1985",1914
"185","Solomon Islands","1985",273
"186","Somalia","1985",6459
"187","South Africa","1985",34254
"188","South Korea","1985",40806
"189","Spain","1985",38535
"190","Sri Lanka","1985",15847
"191","Sudan","1985",23145
"192","Suriname","1985",394
"193","Swaziland","1985",722
"194","Sweden","1985",8356
"195","Switzerland","1985",6564
"196","Syria","1985",10466
"197","Taiwan","1985",19337
"198","Tajikistan","1985",4569
"199","Tanzania","1985",21618
"200","Thailand","1985",51342
"201","Timor-Leste","1985",652
"202","Togo","1985",3129
"203","Tonga","1985",94
"204","Trinidad and Tobago","1985",1189
"205","Tunisia","1985",7364
"206","Turkey","1985",50997
"207","Turkmenistan","1985",3240
"208","Turks and Caicos Islands (UK)","1985",9
"209","Tuvalu","1985",8
"210","Uganda","1985",14392
"211","Ukraine","1985",50944
"212","United Arab Emirates","1985",1363
"213","United Kingdom","1985",56584
"214","United States","1985",237924
"215","United States Virgin Islands","1985",101
"216","Uruguay","1985",3019
"217","Uzbekistan","1985",18215
"218","Vanuatu","1985",135
"219","Venezuela","1985",16998
"220","Vietnam","1985",60093
"221","Wallis and Futuna (France)","1985",13
"222","West Bank","1985",1044
"223","Western Sahara","1985",179
"224","Yemen","1985",10540
"225","Zambia","1985",6716
"226","Zimbabwe","1985",8560
"227","Afghanistan","1990",13568
"228","Albania","1990",3245
"229","Algeria","1990",25089
"230","American Samoa","1990",47
"231","Andorra","1990",53
"232","Angola","1990",9485
"233","Anguilla (UK)","1990",8
"234","Antigua and Barbuda","1990",64
"235","Argentina","1990",33036
"236","Armenia","1990",3377
"237","Aruba (Netherlands)","1990",63
"238","Australia","1990",16956
"239","Austria","1990",7723
"240","Azerbaijan","1990",7497
"241","Bahamas","1990",245
"242","Bahrain","1990",506
"243","Bangladesh","1990",112213
"244","Barbados","1990",262
"245","Belarus","1990",10201
"246","Belgium","1990",9969
"247","Belize","1990",191
"248","Benin","1990",4705
"249","Bermuda (UK)","1990",58
"250","Bhutan","1990",615
"251","Bolivia","1990",6574
"252","Bosnia and Herzegovina","1990",4424
"253","Botswana","1990",1265
"254","Brazil","1990",151170
"255","British Virgin Islands","1990",16
"256","Brunei","1990",253
"257","Bulgaria","1990",8894
"258","Burkina Faso","1990",8361
"259","Burundi","1990",5536
"260","Cambodia","1990",9368
"261","Cameroon","1990",11884
"262","Canada","1990",27791
"263","Cape Verde","1990",340
"264","Cayman Islands (UK)","1990",26
"265","Central African Republic","1990",3085
"266","Chad","1990",5841
"267","Chile","1990",13129
"268","China","1990",1148364
"269","Colombia","1990",33147
"270","Comoros","1990",430
"271","Congo (Brazzaville)","1990",2266
"272","Congo (Kinshasa)","1990",39151
"273","Costa Rica","1990",3023
"274","Croatia","1990",4508
"275","Cuba","1990",10507
"276","Curaçao (Netherlands)","1990",145
"277","Cyprus","1990",745
"278","Czech Republic","1990",10310
"279","Denmark","1990",5141
"280","Djibouti","1990",499
"281","Dominica","1990",70
"282","Dominican Republic","1990",7084
"283","Ecuador","1990",10318
"284","Egypt","1990",54907
"285","El Salvador","1990",5110
"286","Equatorial Guinea","1990",371
"287","Eritrea","1990",3138
"288","Estonia","1990",1569
"289","Ethiopia","1990",48397
"290","Faroe Islands (Denmark)","1990",47
"291","Federated States of Micronesia","1990",109
"292","Fiji","1990",740
"293","Finland","1990",4986
"294","France","1990",58168
"295","French Polynesia","1990",200
"296","Gabon","1990",938
"297","Gambia","1990",951
"298","Gaza Strip","1990",646
"299","Georgia","1990",5426
"300","Germany","1990",79380
"301","Ghana","1990",15408
"302","Gibraltar (UK)","1990",29
"303","Greece","1990",10130
"304","Greenland (Denmark)","1990",56
"305","Grenada","1990",94
"306","Guam (US)","1990",134
"307","Guatemala","1990",8966
"308","Guernsey (UK)","1990",63
"309","Guinea","1990",6118
"310","Guinea-Bissau","1990",996
"311","Guyana","1990",772
"312","Haiti","1990",6798
"313","Honduras","1990",4794
"314","Hong Kong (China)","1990",5688
"315","Hungary","1990",10372
"316","Iceland","1990",255
"317","India","1990",838159
"318","Indonesia","1990",181770
"319","Iran","1990",58100
"320","Iraq","1990",18140
"321","Ireland","1990",3508
"322","Isle of Man (UK)","1990",69
"323","Israel","1990",4478
"324","Italy","1990",56713
"325","Ivory Coast","1990",12491
"326","Jamaica","1990",2347
"327","Japan","1990",123537
"328","Jersey (UK)","1990",84
"329","Jordan","1990",3267
"330","Kazakhstan","1990",16775
"331","Kenya","1990",23361
"332","Kiribati","1990",71
"333","Kuwait","1990",2131
"334","Kyrgyzstan","1990",4382
"335","Laos","1990",4210
"336","Latvia","1990",2664
"337","Lebanon","1990",3440
"338","Lesotho","1990",1703
"339","Liberia","1990",2139
"340","Libya","1990",4146
"341","Liechtenstein","1990",29
"342","Lithuania","1990",3695
"343","Luxembourg","1990",383
"344","Macau (China)","1990",352
"345","Macedonia","1990",1861
"346","Madagascar","1990",11633
"347","Malawi","1990",9546
"348","Malaysia","1990",17882
"349","Maldives","1990",217
"350","Mali","1990",8327
"351","Malta","1990",359
"352","Marshall Islands","1990",46
"353","Mauritania","1990",1925
"354","Mauritius","1990",1062
"355","Mayotte (France)","1990",87
"356","Mexico","1990",84914
"357","Moldova","1990",4374
"358","Monaco","1990",30
"359","Mongolia","1990",2218
"360","Montenegro","1990",583
"361","Montserrat (UK)","1990",11
"362","Morocco","1990",24000
"363","Mozambique","1990",12989
"364","Myanmar","1990",40464
"365","Namibia","1990",1471
"366","Nauru","1990",9
"367","Nepal","1990",18918
"368","Netherlands","1990",14966
"369","New Caledonia (France)","1990",169
"370","New Zealand","1990",3414
"371","Nicaragua","1990",3644
"372","Niger","1990",7842
"373","Nigeria","1990",96690
"374","North Korea","1990",20451
"375","Northern Mariana Islands (US)","1990",44
"376","Norway","1990",4242
"377","Oman","1990",1794
"378","Pakistan","1990",118816
"379","Palau","1990",15
"380","Panama","1990",2393
"381","Papua New Guinea","1990",3683
"382","Paraguay","1990",4200
"383","Peru","1990",21565
"384","Philippines","1990",65088
"385","Poland","1990",38119
"386","Portugal","1990",9923
"387","Puerto Rico","1990",3537
"388","Qatar","1990",433
"389","Romania","1990",22866
"390","Russia","1990",147973
"391","Rwanda","1990",6999
"392","Saint Barthélemy (France)","1990",5
"393","Saint Helena Ascension and Tristan da Cunha (UK)","1990",7
"394","Saint Kitts and Nevis","1990",42
"395","Saint Lucia","1990",138
"396","Saint Martin (France)","1990",30
"397","Saint Pierre and Miquelon (France)","1990",6
"398","Saint Vincent and the Grenadines","1990",107
"399","Samoa","1990",163
"400","San Marino","1990",23
"401","São Tomé and Príncipe","1990",116
"402","Saudi Arabia","1990",16061
"403","Senegal","1990",7348
"404","Serbia","1990",7786
"405","Seychelles","1990",71
"406","Sierra Leone","1990",4228
"407","Singapore","1990",3047
"408","Sint Maarten (Netherlands)","1990",29
"409","Slovakia","1990",5263
"410","Slovenia","1990",1991
"411","Solomon Islands","1990",321
"412","Somalia","1990",6692
"413","South Africa","1990",38476
"414","South Korea","1990",42869
"415","Spain","1990",39351
"416","Sri Lanka","1990",16862
"417","Sudan","1990",25888
"418","Suriname","1990",416
"419","Swaziland","1990",882
"420","Sweden","1990",8601
"421","Switzerland","1990",6837
"422","Syria","1990",12500
"423","Taiwan","1990",20278
"424","Tajikistan","1990",5272
"425","Tanzania","1990",25214
"426","Thailand","1990",55197
"427","Timor-Leste","1990",746
"428","Togo","1990",3721
"429","Tonga","1990",96
"430","Trinidad and Tobago","1990",1255
"431","Tunisia","1990",8207
"432","Turkey","1990",56561
"433","Turkmenistan","1990",3658
"434","Turks and Caicos Islands (UK)","1990",12
"435","Tuvalu","1990",9
"436","Uganda","1990",17456
"437","Ukraine","1990",51622
"438","United Arab Emirates","1990",1826
"439","United Kingdom","1990",57411
"440","United States","1990",249623
"441","United States Virgin Islands","1990",104
"442","Uruguay","1990",3085
"443","Uzbekistan","1990",20530
"444","Vanuatu","1990",154
"445","Venezuela","1990",19325
"446","Vietnam","1990",67258
"447","Wallis and Futuna (France)","1990",13
"448","West Bank","1990",1253
"449","Western Sahara","1990",217
"450","Yemen","1990",12416
"451","Zambia","1990",7858
"452","Zimbabwe","1990",10156
"453","Afghanistan","1995",19445
"454","Albania","1995",3158
"455","Algeria","1995",28089
"456","American Samoa","1995",54
"457","Andorra","1995",63
"458","Angola","1995",11000
"459","Anguilla (UK)","1995",10
"460","Antigua and Barbuda","1995",69
"461","Argentina","1995",35274
"462","Armenia","1995",3069
"463","Aruba (Netherlands)","1995",80
"464","Australia","1995",17976
"465","Austria","1995",8047
"466","Azerbaijan","1995",8051
"467","Bahamas","1995",265
"468","Bahrain","1995",582
"469","Bangladesh","1995",121442
"470","Barbados","1995",268
"471","Belarus","1995",10205
"472","Belgium","1995",10155
"473","Belize","1995",217
"474","Benin","1995",5647
"475","Bermuda (UK)","1995",60
"476","Bhutan","1995",566
"477","Bolivia","1995",7375
"478","Bosnia and Herzegovina","1995",3709
"479","Botswana","1995",1478
"480","Brazil","1995",163544
"481","British Virgin Islands","1995",19
"482","Brunei","1995",288
"483","Bulgaria","1995",8256
"484","Burkina Faso","1995",9903
"485","Burundi","1995",6165
"486","Cambodia","1995",11234
"487","Cameroon","1995",13603
"488","Canada","1995",29691
"489","Cape Verde","1995",385
"490","Cayman Islands (UK)","1995",32
"491","Central African Republic","1995",3544
"492","Chad","1995",6770
"493","Chile","1995",14207
"494","China","1995",1216378
"495","Colombia","1995",36532
"496","Comoros","1995",483
"497","Congo (Brazzaville)","1995",2650
"498","Congo (Kinshasa)","1995",46705
"499","Costa Rica","1995",3445
"500","Croatia","1995",4497
"501","Cuba","1995",10847
"502","Curaçao (Netherlands)","1995",142
"503","Cyprus","1995",847
"504","Czech Republic","1995",10324
"505","Denmark","1995",5233
"506","Djibouti","1995",553
"507","Dominica","1995",71
"508","Dominican Republic","1995",7759
"509","Ecuador","1995",11266
"510","Egypt","1995",58945
"511","El Salvador","1995",5480
"512","Equatorial Guinea","1995",426
"513","Eritrea","1995",3565
"514","Estonia","1995",1447
"515","Ethiopia","1995",55550
"516","Faroe Islands (Denmark)","1995",44
"517","Federated States of Micronesia","1995",106
"518","Fiji","1995",773
"519","Finland","1995",5105
"520","France","1995",59712
"521","French Polynesia","1995",217
"522","Gabon","1995",1069
"523","Gambia","1995",1161
"524","Gaza Strip","1995",886
"525","Georgia","1995",5013
"526","Germany","1995",81654
"527","Ghana","1995",17704
"528","Gibraltar (UK)","1995",27
"529","Greece","1995",10458
"530","Greenland (Denmark)","1995",56
"531","Grenada","1995",98
"532","Guam (US)","1995",144
"533","Guatemala","1995",10028
"534","Guernsey (UK)","1995",61
"535","Guinea","1995",7446
"536","Guinea-Bissau","1995",1143
"537","Guyana","1995",769
"538","Haiti","1995",7570
"539","Honduras","1995",5551
"540","Hong Kong (China)","1995",6225
"541","Hungary","1995",10281
"542","Iceland","1995",268
"543","India","1995",920585
"544","Indonesia","1995",197764
"545","Iran","1995",64217
"546","Iraq","1995",19564
"547","Ireland","1995",3614
"548","Isle of Man (UK)","1995",72
"549","Israel","1995",5353
"550","Italy","1995",57295
"551","Ivory Coast","1995",14846
"552","Jamaica","1995",2469
"553","Japan","1995",125327
"554","Jersey (UK)","1995",85
"555","Jordan","1995",4176
"556","Kazakhstan","1995",16390
"557","Kenya","1995",27163
"558","Kiribati","1995",77
"559","Kuwait","1995",1664
"560","Kyrgyzstan","1995",4532
"561","Laos","1995",4846
"562","Latvia","1995",2488
"563","Lebanon","1995",3654
"564","Lesotho","1995",1848
"565","Liberia","1995",1900
"566","Libya","1995",4663
"567","Liechtenstein","1995",31
"568","Lithuania","1995",3674
"569","Luxembourg","1995",410
"570","Macau (China)","1995",401
"571","Macedonia","1995",1954
"572","Madagascar","1995",13532
"573","Malawi","1995",10264
"574","Malaysia","1995",20339
"575","Maldives","1995",261
"576","Mali","1995",9336
"577","Malta","1995",377
"578","Marshall Islands","1995",50
"579","Mauritania","1995",2235
"580","Mauritius","1995",1123
"581","Mayotte (France)","1995",119
"582","Mexico","1995",92880
"583","Moldova","1995",4355
"584","Monaco","1995",31
"585","Mongolia","1995",2447
"586","Montenegro","1995",671
"587","Montserrat (UK)","1995",10
"588","Morocco","1995",26148
"589","Mozambique","1995",15888
"590","Myanmar","1995",43994
"591","Namibia","1995",1681
"592","Nauru","1995",10
"593","Nepal","1995",21877
"594","Netherlands","1995",15476
"595","New Caledonia (France)","1995",192
"596","New Zealand","1995",3642
"597","Nicaragua","1995",4402
"598","Niger","1995",9199
"599","Nigeria","1995",109833
"600","North Korea","1995",22107
"601","Northern Mariana Islands (US)","1995",57
"602","Norway","1995",4359
"603","Oman","1995",2139
"604","Pakistan","1995",134185
"605","Palau","1995",17
"606","Panama","1995",2638
"607","Papua New Guinea","1995",4216
"608","Paraguay","1995",4826
"609","Peru","1995",23863
"610","Philippines","1995",72597
"611","Poland","1995",38601
"612","Portugal","1995",10066
"613","Puerto Rico","1995",3683
"614","Qatar","1995",510
"615","Romania","1995",22687
"616","Russia","1995",148490
"617","Rwanda","1995",5473
"618","Saint Barthélemy (France)","1995",6
"619","Saint Helena Ascension and Tristan da Cunha (UK)","1995",7
"620","Saint Kitts and Nevis","1995",43
"621","Saint Lucia","1995",146
"622","Saint Martin (France)","1995",33
"623","Saint Pierre and Miquelon (France)","1995",6
"624","Saint Vincent and the Grenadines","1995",109
"625","Samoa","1995",169
"626","San Marino","1995",25
"627","São Tomé and Príncipe","1995",127
"628","Saudi Arabia","1995",18755
"629","Senegal","1995",8378
"630","Serbia","1995",7691
"631","Seychelles","1995",75
"632","Sierra Leone","1995",3881
"633","Singapore","1995",3567
"634","Sint Maarten (Netherlands)","1995",32
"635","Slovakia","1995",5362
"636","Slovenia","1995",2003
"637","Solomon Islands","1995",375
"638","Somalia","1995",6401
"639","South Africa","1995",42228
"640","South Korea","1995",45105
"641","Spain","1995",39765
"642","Sri Lanka","1995",17941
"643","Sudan","1995",29953
"644","Suriname","1995",428
"645","Swaziland","1995",1004
"646","Sweden","1995",8878
"647","Switzerland","1995",7157
"648","Syria","1995",14449
"649","Taiwan","1995",21290
"650","Tajikistan","1995",5678
"651","Tanzania","1995",29753
"652","Thailand","1995",58883
"653","Timor-Leste","1995",870
"654","Togo","1995",4203
"655","Tonga","1995",97
"656","Trinidad and Tobago","1995",1264
"657","Tunisia","1995",8947
"658","Turkey","1995",61940
"659","Turkmenistan","1995",4079
"660","Turks and Caicos Islands (UK)","1995",15
"661","Tuvalu","1995",10
"662","Uganda","1995",20690
"663","Ukraine","1995",51245
"664","United Arab Emirates","1995",2458
"665","United Kingdom","1995",58187
"666","United States","1995",266278
"667","United States Virgin Islands","1995",108
"668","Uruguay","1995",3150
"669","Uzbekistan","1995",23067
"670","Vanuatu","1995",173
"671","Venezuela","1995",21549
"672","Vietnam","1995",73783
"673","Wallis and Futuna (France)","1995",14
"674","West Bank","1995",1621
"675","Western Sahara","1995",264
"676","Yemen","1995",14862
"677","Zambia","1995",9021
"678","Zimbabwe","1995",11159
"679","Afghanistan","2000",22461
"680","Albania","2000",3158
"681","Algeria","2000",30429
"682","American Samoa","2000",58
"683","Andorra","2000",65
"684","Angola","2000",12683
"685","Anguilla (UK)","2000",11
"686","Antigua and Barbuda","2000",75
"687","Argentina","2000",37336
"688","Armenia","2000",3043
"689","Aruba (Netherlands)","2000",90
"690","Australia","2000",19053
"691","Austria","2000",8113
"692","Azerbaijan","2000",8463
"693","Bahamas","2000",283
"694","Bahrain","2000",655
"695","Bangladesh","2000",132151
"696","Barbados","2000",274
"697","Belarus","2000",10034
"698","Belgium","2000",10264
"699","Belize","2000",248
"700","Benin","2000",6619
"701","Bermuda (UK)","2000",63
"702","Bhutan","2000",606
"703","Bolivia","2000",8195
"704","Bosnia and Herzegovina","2000",4035
"705","Botswana","2000",1680
"706","Brazil","2000",176320
"707","British Virgin Islands","2000",23
"708","Brunei","2000",325
"709","Bulgaria","2000",7818
"710","Burkina Faso","2000",11588
"711","Burundi","2000",6823
"712","Cambodia","2000",12351
"713","Cameroon","2000",15343
"714","Canada","2000",31100
"715","Cape Verde","2000",430
"716","Cayman Islands (UK)","2000",38
"717","Central African Republic","2000",3980
"718","Chad","2000",7943
"719","Chile","2000",15156
"720","China","2000",1263638
"721","Colombia","2000",38910
"722","Comoros","2000",545
"723","Congo (Brazzaville)","2000",3104
"724","Congo (Kinshasa)","2000",52445
"725","Costa Rica","2000",3883
"726","Croatia","2000",4411
"727","Cuba","2000",11072
"728","Curaçao (Netherlands)","2000",134
"729","Cyprus","2000",920
"730","Czech Republic","2000",10270
"731","Denmark","2000",5337
"732","Djibouti","2000",669
"733","Dominica","2000",71
"734","Dominican Republic","2000",8469
"735","Ecuador","2000",12446
"736","Egypt","2000",65159
"737","El Salvador","2000",5850
"738","Equatorial Guinea","2000",491
"739","Eritrea","2000",4197
"740","Estonia","2000",1380
"741","Ethiopia","2000",64165
"742","Faroe Islands (Denmark)","2000",46
"743","Federated States of Micronesia","2000",108
"744","Fiji","2000",805
"745","Finland","2000",5169
"746","France","2000",61137
"747","French Polynesia","2000",236
"748","Gabon","2000",1236
"749","Gambia","2000",1357
"750","Gaza Strip","2000",1130
"751","Georgia","2000",4777
"752","Germany","2000",82184
"753","Ghana","2000",19752
"754","Gibraltar (UK)","2000",27
"755","Greece","2000",10559
"756","Greenland (Denmark)","2000",57
"757","Grenada","2000",102
"758","Guam (US)","2000",155
"759","Guatemala","2000",11085
"760","Guernsey (UK)","2000",62
"761","Guinea","2000",8350
"762","Guinea-Bissau","2000",1279
"763","Guyana","2000",786
"764","Haiti","2000",8413
"765","Honduras","2000",6359
"766","Hong Kong (China)","2000",6659
"767","Hungary","2000",10147
"768","Iceland","2000",281
"769","India","2000",1006300
"770","Indonesia","2000",213829
"771","Iran","2000",68632
"772","Iraq","2000",22679
"773","Ireland","2000",3822
"774","Isle of Man (UK)","2000",76
"775","Israel","2000",6115
"776","Italy","2000",57784
"777","Ivory Coast","2000",16885
"778","Jamaica","2000",2616
"779","Japan","2000",126776
"780","Jersey (UK)","2000",87
"781","Jordan","2000",4688
"782","Kazakhstan","2000",15687
"783","Kenya","2000",30606
"784","Kiribati","2000",85
"785","Kuwait","2000",1972
"786","Kyrgyzstan","2000",4851
"787","Laos","2000",5397
"788","Latvia","2000",2376
"789","Lebanon","2000",3791
"790","Lesotho","2000",1916
"791","Liberia","2000",2601
"792","Libya","2000",5125
"793","Liechtenstein","2000",33
"794","Lithuania","2000",3654
"795","Luxembourg","2000",439
"796","Macau (China)","2000",432
"797","Macedonia","2000",2015
"798","Madagascar","2000",15742
"799","Malawi","2000",11802
"800","Malaysia","2000",23151
"801","Maldives","2000",300
"802","Mali","2000",10621
"803","Malta","2000",390
"804","Marshall Islands","2000",53
"805","Mauritania","2000",2501
"806","Mauritius","2000",1186
"807","Mayotte (France)","2000",157
"808","Mexico","2000",99927
"809","Moldova","2000",4180
"810","Monaco","2000",32
"811","Mongolia","2000",2664
"812","Montenegro","2000",732
"813","Montserrat (UK)","2000",4
"814","Morocco","2000",28113
"815","Mozambique","2000",17997
"816","Myanmar","2000",47439
"817","Namibia","2000",1893
"818","Nauru","2000",10
"819","Nepal","2000",24818
"820","Netherlands","2000",15930
"821","New Caledonia (France)","2000",211
"822","New Zealand","2000",3802
"823","Nicaragua","2000",4866
"824","Niger","2000",10951
"825","Nigeria","2000",124207
"826","North Korea","2000",22785
"827","Northern Mariana Islands (US)","2000",70
"828","Norway","2000",4492
"829","Oman","2000",2432
"830","Pakistan","2000",152429
"831","Palau","2000",19
"832","Panama","2000",2900
"833","Papua New Guinea","2000",4813
"834","Paraguay","2000",5418
"835","Peru","2000",25797
"836","Philippines","2000",81222
"837","Poland","2000",38654
"838","Portugal","2000",10336
"839","Puerto Rico","2000",3814
"840","Qatar","2000",640
"841","Romania","2000",22447
"842","Russia","2000",146710
"843","Rwanda","2000",8398
"844","Saint Barthélemy (France)","2000",7
"845","Saint Helena Ascension and Tristan da Cunha (UK)","2000",7
"846","Saint Kitts and Nevis","2000",46
"847","Saint Lucia","2000",153
"848","Saint Martin (France)","2000",28
"849","Saint Pierre and Miquelon (France)","2000",6
"850","Saint Vincent and the Grenadines","2000",108
"851","Samoa","2000",176
"852","San Marino","2000",27
"853","São Tomé and Príncipe","2000",141
"854","Saudi Arabia","2000",21312
"855","Senegal","2000",9469
"856","Serbia","2000",7604
"857","Seychelles","2000",79
"858","Sierra Leone","2000",3809
"859","Singapore","2000",4063
"860","Sint Maarten (Netherlands)","2000",31
"861","Slovakia","2000",5400
"862","Slovenia","2000",2011
"863","Solomon Islands","2000",434
"864","Somalia","2000",7501
"865","South Africa","2000",45064
"866","South Korea","2000",46839
"867","Spain","2000",40589
"868","Sri Lanka","2000",19041
"869","Sudan","2000",34109
"870","Suriname","2000",464
"871","Swaziland","2000",1144
"872","Sweden","2000",8924
"873","Switzerland","2000",7267
"874","Syria","2000",16471
"875","Taiwan","2000",22183
"876","Tajikistan","2000",6230
"877","Tanzania","2000",33712
"878","Thailand","2000",61904
"879","Timor-Leste","2000",847
"880","Togo","2000",4992
"881","Tonga","2000",100
"882","Trinidad and Tobago","2000",1252
"883","Tunisia","2000",9508
"884","Turkey","2000",67329
"885","Turkmenistan","2000",4385
"886","Turks and Caicos Islands (UK)","2000",19
"887","Tuvalu","2000",10
"888","Uganda","2000",23956
"889","Ukraine","2000",49005
"890","United Arab Emirates","2000",3219
"891","United Kingdom","2000",59140
"892","United States","2000",282172
"893","United States Virgin Islands","2000",109
"894","Uruguay","2000",3220
"895","Uzbekistan","2000",25042
"896","Vanuatu","2000",190
"897","Venezuela","2000",23493
"898","Vietnam","2000",79178
"899","Wallis and Futuna (France)","2000",15
"900","West Bank","2000",1980
"901","Western Sahara","2000",336
"902","Yemen","2000",17407
"903","Zambia","2000",10345
"904","Zimbabwe","2000",11820
"905","Afghanistan","2005",26335
"906","Albania","2005",3025
"907","Algeria","2005",32561
"908","American Samoa","2005",62
"909","Andorra","2005",76
"910","Angola","2005",14770
"911","Anguilla (UK)","2005",13
"912","Antigua and Barbuda","2005",81
"913","Argentina","2005",39181
"914","Armenia","2005",2983
"915","Aruba (Netherlands)","2005",97
"916","Australia","2005",20232
"917","Austria","2005",8185
"918","Azerbaijan","2005",8825
"919","Bahamas","2005",297
"920","Bahrain","2005",916
"921","Bangladesh","2005",144139
"922","Barbados","2005",280
"923","Belarus","2005",9809
"924","Belgium","2005",10364
"925","Belize","2005",281
"926","Benin","2005",7778
"927","Bermuda (UK)","2005",66
"928","Bhutan","2005",655
"929","Bolivia","2005",9073
"930","Bosnia and Herzegovina","2005",4430
"931","Botswana","2005",1840
"932","Brazil","2005",188993
"933","British Virgin Islands","2005",26
"934","Brunei","2005",361
"935","Bulgaria","2005",7450
"936","Burkina Faso","2005",13904
"937","Burundi","2005",8162
"938","Cambodia","2005",13297
"939","Cameroon","2005",17261
"940","Canada","2005",32386
"941","Cape Verde","2005",471
"942","Cayman Islands (UK)","2005",44
"943","Central African Republic","2005",4363
"944","Chad","2005",9401
"945","Chile","2005",15995
"946","China","2005",1297765
"947","Colombia","2005",41488
"948","Comoros","2005",623
"949","Congo (Brazzaville)","2005",3604
"950","Congo (Kinshasa)","2005",60698
"951","Costa Rica","2005",4209
"952","Croatia","2005",4496
"953","Cuba","2005",11198
"954","Curaçao (Netherlands)","2005",136
"955","Cyprus","2005",1011
"956","Czech Republic","2005",10241
"957","Denmark","2005",5432
"958","Djibouti","2005",666
"959","Dominica","2005",72
"960","Dominican Republic","2005",9164
"961","Ecuador","2005",13662
"962","Egypt","2005",72544
"963","El Salvador","2005",5956
"964","Equatorial Guinea","2005",567
"965","Eritrea","2005",5070
"966","Estonia","2005",1333
"967","Ethiopia","2005",74980
"968","Faroe Islands (Denmark)","2005",48
"969","Federated States of Micronesia","2005",108
"970","Fiji","2005",837
"971","Finland","2005",5223
"972","France","2005",62912
"973","French Polynesia","2005",254
"974","Gabon","2005",1396
"975","Gambia","2005",1548
"976","Gaza Strip","2005",1350
"977","Georgia","2005",4677
"978","Germany","2005",82439
"979","Ghana","2005",22062
"980","Gibraltar (UK)","2005",28
"981","Greece","2005",10668
"982","Greenland (Denmark)","2005",58
"983","Grenada","2005",105
"984","Guam (US)","2005",169
"985","Guatemala","2005",12183
"986","Guernsey (UK)","2005",63
"987","Guinea","2005",9154
"988","Guinea-Bissau","2005",1414
"989","Guyana","2005",776
"990","Haiti","2005",9205
"991","Honduras","2005",7193
"992","Hong Kong (China)","2005",6899
"993","Hungary","2005",10058
"994","Iceland","2005",297
"995","India","2005",1090973
"996","Indonesia","2005",228896
"997","Iran","2005",72283
"998","Iraq","2005",26076
"999","Ireland","2005",4199
"1000","Isle of Man (UK)","2005",80
"1001","Israel","2005",6743
"1002","Italy","2005",59038
"1003","Ivory Coast","2005",18921
"1004","Jamaica","2005",2737
"1005","Japan","2005",127715
"1006","Jersey (UK)","2005",88
"1007","Jordan","2005",5245
"1008","Kazakhstan","2005",16123
"1009","Kenya","2005",35246
"1010","Kiribati","2005",93
"1011","Kuwait","2005",2257
"1012","Kyrgyzstan","2005",5146
"1013","Laos","2005",5836
"1014","Latvia","2005",2290
"1015","Lebanon","2005",3892
"1016","Lesotho","2005",1922
"1017","Liberia","2005",2930
"1018","Libya","2005",5778
"1019","Liechtenstein","2005",35
"1020","Lithuania","2005",3597
"1021","Luxembourg","2005",469
"1022","Macau (China)","2005",474
"1023","Macedonia","2005",2045
"1024","Madagascar","2005",18312
"1025","Malawi","2005",13492
"1026","Malaysia","2005",25968
"1027","Maldives","2005",336
"1028","Mali","2005",12134
"1029","Malta","2005",399
"1030","Marshall Islands","2005",59
"1031","Mauritania","2005",2838
"1032","Mauritius","2005",1243
"1033","Mayotte (France)","2005",186
"1034","Mexico","2005",106203
"1035","Moldova","2005",3948
"1036","Monaco","2005",31
"1037","Mongolia","2005",2866
"1038","Montenegro","2005",699
"1039","Montserrat (UK)","2005",5
"1040","Morocco","2005",29901
"1041","Mozambique","2005",20069
"1042","Myanmar","2005",50572
"1043","Namibia","2005",2028
"1044","Nauru","2005",10
"1045","Nepal","2005",27094
"1046","Netherlands","2005",16299
"1047","New Caledonia (France)","2005",232
"1048","New Zealand","2005",4048
"1049","Nicaragua","2005",5267
"1050","Niger","2005",13189
"1051","Nigeria","2005",141852
"1052","North Korea","2005",23621
"1053","Northern Mariana Islands (US)","2005",71
"1054","Norway","2005",4593
"1055","Oman","2005",2697
"1056","Pakistan","2005",169279
"1057","Palau","2005",20
"1058","Panama","2005",3155
"1059","Papua New Guinea","2005",5440
"1060","Paraguay","2005",5926
"1061","Peru","2005",27442
"1062","Philippines","2005",90436
"1063","Poland","2005",38558
"1064","Portugal","2005",10566
"1065","Puerto Rico","2005",3911
"1066","Qatar","2005",973
"1067","Romania","2005",22197
"1068","Russia","2005",142776
"1069","Rwanda","2005",9611
"1070","Saint Barthélemy (France)","2005",8
"1071","Saint Helena Ascension and Tristan da Cunha (UK)","2005",7
"1072","Saint Kitts and Nevis","2005",48
"1073","Saint Lucia","2005",157
"1074","Saint Martin (France)","2005",28
"1075","Saint Pierre and Miquelon (France)","2005",6
"1076","Saint Vincent and the Grenadines","2005",106
"1077","Samoa","2005",184
"1078","San Marino","2005",30
"1079","São Tomé and Príncipe","2005",158
"1080","Saudi Arabia","2005",23642
"1081","Senegal","2005",10804
"1082","Serbia","2005",7502
"1083","Seychelles","2005",84
"1084","Sierra Leone","2005",4708
"1085","Singapore","2005",4606
"1086","Sint Maarten (Netherlands)","2005",34
"1087","Slovakia","2005",5431
"1088","Slovenia","2005",2011
"1089","Solomon Islands","2005",496
"1090","Somalia","2005",8790
"1091","South Africa","2005",47483
"1092","South Korea","2005",48005
"1093","Spain","2005",43704
"1094","Sri Lanka","2005",20103
"1095","Sudan","2005",38363
"1096","Suriname","2005",504
"1097","Swaziland","2005",1259
"1098","Sweden","2005",9002
"1099","Switzerland","2005",7489
"1100","Syria","2005",18563
"1101","Taiwan","2005",22701
"1102","Tajikistan","2005",6815
"1103","Tanzania","2005",37771
"1104","Thailand","2005",64235
"1105","Timor-Leste","2005",1042
"1106","Togo","2005",5715
"1107","Tonga","2005",103
"1108","Trinidad and Tobago","2005",1237
"1109","Tunisia","2005",10013
"1110","Turkey","2005",72674
"1111","Turkmenistan","2005",4664
"1112","Turks and Caicos Islands (UK)","2005",28
"1113","Tuvalu","2005",10
"1114","Uganda","2005",28199
"1115","Ukraine","2005",46959
"1116","United Arab Emirates","2005",4087
"1117","United Kingdom","2005",60487
"1118","United States","2005",295753
"1119","United States Virgin Islands","2005",110
"1120","Uruguay","2005",3265
"1121","Uzbekistan","2005",26540
"1122","Vanuatu","2005",206
"1123","Venezuela","2005",25269
"1124","Vietnam","2005",84425
"1125","Wallis and Futuna (France)","2005",15
"1126","West Bank","2005",2247
"1127","Western Sahara","2005",415
"1128","Yemen","2005",20345
"1129","Zambia","2005",11710
"1130","Zimbabwe","2005",11639
"1131","Afghanistan","2010",29121
"1132","Albania","2010",2987
"1133","Algeria","2010",34586
"1134","American Samoa","2010",66
"1135","Andorra","2010",85
"1136","Angola","2010",17043
"1137","Anguilla (UK)","2010",15
"1138","Antigua and Barbuda","2010",87
"1139","Argentina","2010",41343
"1140","Armenia","2010",2967
"1141","Aruba (Netherlands)","2010",105
"1142","Australia","2010",21516
"1143","Austria","2010",8214
"1144","Azerbaijan","2010",9302
"1145","Bahamas","2010",310
"1146","Bahrain","2010",1180
"1147","Bangladesh","2010",156118
"1148","Barbados","2010",286
"1149","Belarus","2010",9613
"1150","Belgium","2010",10423
"1151","Belize","2010",315
"1152","Benin","2010",9056
"1153","Bermuda (UK)","2010",68
"1154","Bhutan","2010",700
"1155","Bolivia","2010",9947
"1156","Bosnia and Herzegovina","2010",4622
"1157","Botswana","2010",2029
"1158","Brazil","2010",201103
"1159","British Virgin Islands","2010",30
"1160","Brunei","2010",395
"1161","Bulgaria","2010",7149
"1162","Burkina Faso","2010",16242
"1163","Burundi","2010",9863
"1164","Cambodia","2010",14454
"1165","Cameroon","2010",19294
"1166","Canada","2010",33760
"1167","Cape Verde","2010",509
"1168","Cayman Islands (UK)","2010",50
"1169","Central African Republic","2010",4845
"1170","Chad","2010",10543
"1171","Chile","2010",16746
"1172","China","2010",1330141
"1173","Colombia","2010",44205
"1174","Comoros","2010",706
"1175","Congo (Brazzaville)","2010",4126
"1176","Congo (Kinshasa)","2010",69851
"1177","Costa Rica","2010",4516
"1178","Croatia","2010",4487
"1179","Cuba","2010",11098
"1180","Curaçao (Netherlands)","2010",143
"1181","Cyprus","2010",1103
"1182","Czech Republic","2010",10202
"1183","Denmark","2010",5516
"1184","Djibouti","2010",741
"1185","Dominica","2010",73
"1186","Dominican Republic","2010",9824
"1187","Ecuador","2010",14791
"1188","Egypt","2010",80472
"1189","El Salvador","2010",6052
"1190","Equatorial Guinea","2010",651
"1191","Eritrea","2010",5793
"1192","Estonia","2010",1291
"1193","Ethiopia","2010",88013
"1194","Faroe Islands (Denmark)","2010",49
"1195","Federated States of Micronesia","2010",107
"1196","Fiji","2010",876
"1197","Finland","2010",5255
"1198","France","2010",64768
"1199","French Polynesia","2010",269
"1200","Gabon","2010",1545
"1201","Gambia","2010",1755
"1202","Gaza Strip","2010",1604
"1203","Georgia","2010",4601
"1204","Germany","2010",81644
"1205","Ghana","2010",24340
"1206","Gibraltar (UK)","2010",29
"1207","Greece","2010",10750
"1208","Greenland (Denmark)","2010",58
"1209","Grenada","2010",108
"1210","Guam (US)","2010",181
"1211","Guatemala","2010",13550
"1212","Guernsey (UK)","2010",65
"1213","Guinea","2010",10324
"1214","Guinea-Bissau","2010",1565
"1215","Guyana","2010",748
"1216","Haiti","2010",9649
"1217","Honduras","2010",7989
"1218","Hong Kong (China)","2010",7090
"1219","Hungary","2010",9992
"1220","Iceland","2010",309
"1221","India","2010",1173108
"1222","Indonesia","2010",242968
"1223","Iran","2010",76923
"1224","Iraq","2010",29672
"1225","Ireland","2010",4623
"1226","Isle of Man (UK)","2010",84
"1227","Israel","2010",7354
"1228","Italy","2010",60749
"1229","Ivory Coast","2010",21059
"1230","Jamaica","2010",2847
"1231","Japan","2010",127579
"1232","Jersey (UK)","2010",93
"1233","Jordan","2010",6407
"1234","Kazakhstan","2010",17085
"1235","Kenya","2010",40843
"1236","Kiribati","2010",99
"1237","Kuwait","2010",2543
"1238","Kyrgyzstan","2010",5509
"1239","Laos","2010",6368
"1240","Latvia","2010",2218
"1241","Lebanon","2010",4125
"1242","Lesotho","2010",1920
"1243","Liberia","2010",3685
"1244","Libya","2010",6461
"1245","Liechtenstein","2010",36
"1246","Lithuania","2010",3545
"1247","Luxembourg","2010",498
"1248","Macau (China)","2010",568
"1249","Macedonia","2010",2072
"1250","Madagascar","2010",21282
"1251","Malawi","2010",15448
"1252","Malaysia","2010",28275
"1253","Maldives","2010",396
"1254","Mali","2010",13796
"1255","Malta","2010",407
"1256","Marshall Islands","2010",66
"1257","Mauritania","2010",3205
"1258","Mauritius","2010",1294
"1259","Mayotte (France)","2010",206
"1260","Mexico","2010",112469
"1261","Moldova","2010",3732
"1262","Monaco","2010",31
"1263","Mongolia","2010",3087
"1264","Montenegro","2010",667
"1265","Montserrat (UK)","2010",5
"1266","Morocco","2010",31627
"1267","Mozambique","2010",22417
"1268","Myanmar","2010",53414
"1269","Namibia","2010",2128
"1270","Nauru","2010",9
"1271","Nepal","2010",28952
"1272","Netherlands","2010",16574
"1273","New Caledonia (France)","2010",252
"1274","New Zealand","2010",4252
"1275","Nicaragua","2010",5604
"1276","Niger","2010",15878
"1277","Nigeria","2010",161605
"1278","North Korea","2010",24326
"1279","Northern Mariana Islands (US)","2010",48
"1280","Norway","2010",4676
"1281","Oman","2010",2968
"1282","Pakistan","2010",184405
"1283","Palau","2010",21
"1284","Panama","2010",3411
"1285","Papua New Guinea","2010",6065
"1286","Paraguay","2010",6376
"1287","Peru","2010",28948
"1288","Philippines","2010",99900
"1289","Poland","2010",38464
"1290","Portugal","2010",10736
"1291","Puerto Rico","2010",3979
"1292","Qatar","2010",1719
"1293","Romania","2010",21959
"1294","Russia","2010",139390
"1295","Rwanda","2010",11056
"1296","Saint Barthélemy (France)","2010",7
"1297","Saint Helena Ascension and Tristan da Cunha (UK)","2010",8
"1298","Saint Kitts and Nevis","2010",50
"1299","Saint Lucia","2010",161
"1300","Saint Martin (France)","2010",30
"1301","Saint Pierre and Miquelon (France)","2010",6
"1302","Saint Vincent and the Grenadines","2010",104
"1303","Samoa","2010",192
"1304","San Marino","2010",31
"1305","São Tomé and Príncipe","2010",176
"1306","Saudi Arabia","2010",25732
"1307","Senegal","2010",12323
"1308","Serbia","2010",7345
"1309","Seychelles","2010",88
"1310","Sierra Leone","2010",5246
"1311","Singapore","2010",5140
"1312","Sint Maarten (Netherlands)","2010",38
"1313","Slovakia","2010",5470
"1314","Slovenia","2010",2003
"1315","Solomon Islands","2010",559
"1316","Somalia","2010",9768
"1317","South Africa","2010",49109
"1318","South Korea","2010",48636
"1319","Spain","2010",46506
"1320","Sri Lanka","2010",21084
"1321","Sudan","2010",43940
"1322","Suriname","2010",546
"1323","Swaziland","2010",1354
"1324","Sweden","2010",9074
"1325","Switzerland","2010",7623
"1326","Syria","2010",22198
"1327","Taiwan","2010",23025
"1328","Tajikistan","2010",7487
"1329","Tanzania","2010",41893
"1330","Thailand","2010",66336
"1331","Timor-Leste","2010",1155
"1332","Togo","2010",6587
"1333","Tonga","2010",106
"1334","Trinidad and Tobago","2010",1229
"1335","Tunisia","2010",10525
"1336","Turkey","2010",77804
"1337","Turkmenistan","2010",4941
"1338","Turks and Caicos Islands (UK)","2010",43
"1339","Tuvalu","2010",10
"1340","Uganda","2010",33399
"1341","Ukraine","2010",45416
"1342","United Arab Emirates","2010",4976
"1343","United Kingdom","2010",62348
"1344","United States","2010",308282
"1345","United States Virgin Islands","2010",110
"1346","Uruguay","2010",3301
"1347","Uzbekistan","2010",27866
"1348","Vanuatu","2010",222
"1349","Venezuela","2010",27223
"1350","Vietnam","2010",89571
"1351","Wallis and Futuna (France)","2010",15
"1352","West Bank","2010",2515
"1353","Western Sahara","2010",492
"1354","Yemen","2010",23495
"1355","Zambia","2010",13460
"1356","Zimbabwe","2010",11652
"1357","Afghanistan","2015",32564
"1358","Albania","2015",3029
"1359","Algeria","2015",36640
"1360","American Samoa","2015",71
"1361","Andorra","2015",86
"1362","Angola","2015",19625
"1363","Anguilla (UK)","2015",16
"1364","Antigua and Barbuda","2015",92
"1365","Argentina","2015",43432
"1366","Armenia","2015",2984
"1367","Aruba (Netherlands)","2015",112
"1368","Australia","2015",22751
"1369","Austria","2015",8224
"1370","Azerbaijan","2015",9781
"1371","Bahamas","2015",325
"1372","Bahrain","2015",1347
"1373","Bangladesh","2015",168958
"1374","Barbados","2015",291
"1375","Belarus","2015",9439
"1376","Belgium","2015",10454
"1377","Belize","2015",347
"1378","Benin","2015",10449
"1379","Bermuda (UK)","2015",70
"1380","Bhutan","2015",742
"1381","Bolivia","2015",10801
"1382","Bosnia and Herzegovina","2015",4618
"1383","Botswana","2015",2183
"1384","Brazil","2015",212346
"1385","British Virgin Islands","2015",33
"1386","Brunei","2015",430
"1387","Bulgaria","2015",6867
"1388","Burkina Faso","2015",18932
"1389","Burundi","2015",11574
"1390","Cambodia","2015",15709
"1391","Cameroon","2015",21387
"1392","Canada","2015",35100
"1393","Cape Verde","2015",546
"1394","Cayman Islands (UK)","2015",56
"1395","Central African Republic","2015",5392
"1396","Chad","2015",11631
"1397","Chile","2015",17435
"1398","China","2015",1361513
"1399","Colombia","2015",46737
"1400","Comoros","2015",781
"1401","Congo (Brazzaville)","2015",4755
"1402","Congo (Kinshasa)","2015",79375
"1403","Costa Rica","2015",4814
"1404","Croatia","2015",4465
"1405","Cuba","2015",11031
"1406","Curaçao (Netherlands)","2015",148
"1407","Cyprus","2015",1189
"1408","Czech Republic","2015",10130
"1409","Denmark","2015",5582
"1410","Djibouti","2015",828
"1411","Dominica","2015",74
"1412","Dominican Republic","2015",10479
"1413","Ecuador","2015",15868
"1414","Egypt","2015",88487
"1415","El Salvador","2015",6141
"1416","Equatorial Guinea","2015",741
"1417","Eritrea","2015",6528
"1418","Estonia","2015",1249
"1419","Ethiopia","2015",103134
"1420","Faroe Islands (Denmark)","2015",50
"1421","Federated States of Micronesia","2015",105
"1422","Fiji","2015",909
"1423","Finland","2015",5271
"1424","France","2015",66301
"1425","French Polynesia","2015",283
"1426","Gabon","2015",1705
"1427","Gambia","2015",1968
"1428","Gaza Strip","2015",1869
"1429","Georgia","2015",4525
"1430","Germany","2015",80854
"1431","Ghana","2015",26585
"1432","Gibraltar (UK)","2015",29
"1433","Greece","2015",10776
"1434","Greenland (Denmark)","2015",58
"1435","Grenada","2015",111
"1436","Guam (US)","2015",193
"1437","Guatemala","2015",14919
"1438","Guernsey (UK)","2015",66
"1439","Guinea","2015",11780
"1440","Guinea-Bissau","2015",1726
"1441","Guyana","2015",739
"1442","Haiti","2015",10110
"1443","Honduras","2015",8747
"1444","Hong Kong (China)","2015",7235
"1445","Hungary","2015",9898
"1446","Iceland","2015",319
"1447","India","2015",1251696
"1448","Indonesia","2015",255759
"1449","Iran","2015",81824
"1450","Iraq","2015",33310
"1451","Ireland","2015",4892
"1452","Isle of Man (UK)","2015",88
"1453","Israel","2015",7935
"1454","Italy","2015",61855
"1455","Ivory Coast","2015",23295
"1456","Jamaica","2015",2950
"1457","Japan","2015",126920
"1458","Jersey (UK)","2015",97
"1459","Jordan","2015",6623
"1460","Kazakhstan","2015",18157
"1461","Kenya","2015",45925
"1462","Kiribati","2015",106
"1463","Kuwait","2015",2789
"1464","Kyrgyzstan","2015",5913
"1465","Laos","2015",6912
"1466","Latvia","2015",2152
"1467","Lebanon","2015",4151
"1468","Lesotho","2015",1948
"1469","Liberia","2015",4196
"1470","Libya","2015",7132
"1471","Liechtenstein","2015",38
"1472","Lithuania","2015",3495
"1473","Luxembourg","2015",527
"1474","Macau (China)","2015",593
"1475","Macedonia","2015",2096
"1476","Madagascar","2015",24651
"1477","Malawi","2015",17715
"1478","Malaysia","2015",30514
"1479","Maldives","2015",393
"1480","Mali","2015",15718
"1481","Malta","2015",414
"1482","Marshall Islands","2015",72
"1483","Mauritania","2015",3597
"1484","Mauritius","2015",1340
"1485","Mayotte (France)","2015",220
"1486","Mexico","2015",118689
"1487","Moldova","2015",3547
"1488","Monaco","2015",31
"1489","Mongolia","2015",3318
"1490","Montenegro","2015",647
"1491","Montserrat (UK)","2015",5
"1492","Morocco","2015",33323
"1493","Mozambique","2015",25303
"1494","Myanmar","2015",56320
"1495","Namibia","2015",2212
"1496","Nauru","2015",10
"1497","Nepal","2015",31551
"1498","Netherlands","2015",16948
"1499","New Caledonia (France)","2015",272
"1500","New Zealand","2015",4438
"1501","Nicaragua","2015",5908
"1502","Niger","2015",19034
"1503","Nigeria","2015",183529
"1504","North Korea","2015",24983
"1505","Northern Mariana Islands (US)","2015",44
"1506","Norway","2015",4754
"1507","Oman","2015",3287
"1508","Pakistan","2015",199086
"1509","Palau","2015",21
"1510","Panama","2015",3657
"1511","Papua New Guinea","2015",6672
"1512","Paraguay","2015",6783
"1513","Peru","2015",30445
"1514","Philippines","2015",109616
"1515","Poland","2015",38302
"1516","Portugal","2015",10825
"1517","Puerto Rico","2015",4024
"1518","Qatar","2015",2195
"1519","Romania","2015",21666
"1520","Russia","2015",136010
"1521","Rwanda","2015",12662
"1522","Saint Barthélemy (France)","2015",7
"1523","Saint Helena Ascension and Tristan da Cunha (UK)","2015",8
"1524","Saint Kitts and Nevis","2015",52
"1525","Saint Lucia","2015",164
"1526","Saint Martin (France)","2015",32
"1527","Saint Pierre and Miquelon (France)","2015",6
"1528","Saint Vincent and the Grenadines","2015",103
"1529","Samoa","2015",198
"1530","San Marino","2015",33
"1531","São Tomé and Príncipe","2015",194
"1532","Saudi Arabia","2015",27752
"1533","Senegal","2015",13976
"1534","Serbia","2015",7177
"1535","Seychelles","2015",92
"1536","Sierra Leone","2015",5879
"1537","Singapore","2015",5674
"1538","Sint Maarten (Netherlands)","2015",41
"1539","Slovakia","2015",5496
"1540","Slovenia","2015",1983
"1541","Solomon Islands","2015",622
"1542","Somalia","2015",10616
"1543","South Africa","2015",48286
"1544","South Korea","2015",49115
"1545","Spain","2015",48146
"1546","Sri Lanka","2015",22053
"1547","Sudan","2015",49780
"1548","Suriname","2015",580
"1549","Swaziland","2015",1436
"1550","Sweden","2015",9153
"1551","Switzerland","2015",7698
"1552","Syria","2015",22879
"1553","Taiwan","2015",23212
"1554","Tajikistan","2015",8192
"1555","Tanzania","2015",46123
"1556","Thailand","2015",68119
"1557","Timor-Leste","2015",1272
"1558","Togo","2015",7552
"1559","Tonga","2015",107
"1560","Trinidad and Tobago","2015",1222
"1561","Tunisia","2015",11037
"1562","Turkey","2015",82523
"1563","Turkmenistan","2015",5231
"1564","Turks and Caicos Islands (UK)","2015",50
"1565","Tuvalu","2015",11
"1566","Uganda","2015",39941
"1567","Ukraine","2015",44009
"1568","United Arab Emirates","2015",5780
"1569","United Kingdom","2015",64088
"1570","United States","2015",322371
"1571","United States Virgin Islands","2015",109
"1572","Uruguay","2015",3342
"1573","Uzbekistan","2015",29200
"1574","Vanuatu","2015",236
"1575","Venezuela","2015",29275
"1576","Vietnam","2015",94349
"1577","Wallis and Futuna (France)","2015",16
"1578","West Bank","2015",2785
"1579","Western Sahara","2015",571
"1580","Yemen","2015",26667
"1581","Zambia","2015",15644
"1582","Zimbabwe","2015",14230
"1583","Afghanistan","1950",8150
"1584","Albania","1950",1227
"1585","Algeria","1950",8893
"1586","American Samoa","1950",19
"1587","Andorra","1950",6
"1588","Angola","1950",4118
"1589","Anguilla (UK)","1950",5
"1590","Antigua and Barbuda","1950",46
"1591","Argentina","1950",17150
"1592","Armenia","1950",1355
"1593","Aruba (Netherlands)","1950",50
"1594","Australia","1950",8267
"1595","Austria","1950",6935
"1596","Azerbaijan","1950",2885
"1597","Bahamas","1950",70
"1598","Bahrain","1950",115
"1599","Bangladesh","1950",45646
"1600","Barbados","1950",211
"1601","Belarus","1950",7722
"1602","Belgium","1950",8639
"1603","Belize","1950",66
"1604","Benin","1950",1673
"1605","Bermuda (UK)","1950",39
"1606","Bhutan","1950",164
"1607","Bolivia","1950",2766
"1608","Bosnia and Herzegovina","1950",2662
"1609","Botswana","1950",430
"1610","Brazil","1950",53443
"1611","British Virgin Islands","1950",6
"1612","Brunei","1950",45
"1613","Bulgaria","1950",7251
"1614","Burkina Faso","1950",4376
"1615","Burundi","1950",2363
"1616","Cambodia","1950",4471
"1617","Cameroon","1950",4888
"1618","Canada","1950",14011
"1619","Cape Verde","1950",146
"1620","Cayman Islands (UK)","1950",6
"1621","Central African Republic","1950",1260
"1622","Chad","1950",2608
"1623","Chile","1950",6091
"1624","China","1950",562580
"1625","Colombia","1950",11592
"1626","Comoros","1950",148
"1627","Congo (Brazzaville)","1950",826
"1628","Congo (Kinshasa)","1950",13569
"1629","Costa Rica","1950",867
"1630","Croatia","1950",4000
"1631","Cuba","1950",5785
"1632","Curaçao (Netherlands)","1950",101
"1633","Cyprus","1950",494
"1634","Czech Republic","1950",8925
"1635","Denmark","1950",4271
"1636","Djibouti","1950",79
"1637","Dominica","1950",51
"1638","Dominican Republic","1950",2353
"1639","Ecuador","1950",3370
"1640","Egypt","1950",21198
"1641","El Salvador","1950",1940
"1642","Equatorial Guinea","1950",211
"1643","Eritrea","1950",1403
"1644","Estonia","1950",1096
"1645","Ethiopia","1950",20175
"1646","Faroe Islands (Denmark)","1950",32
"1647","Federated States of Micronesia","1950",31
"1648","Fiji","1950",287
"1649","Finland","1950",4009
"1650","France","1950",42518
"1651","French Polynesia","1950",62
"1652","Gabon","1950",416
"1653","Gambia","1950",271
"1654","Gaza Strip","1950",245
"1655","Georgia","1950",3516
"1656","Germany","1950",68375
"1657","Ghana","1950",5297
"1658","Gibraltar (UK)","1950",23
"1659","Greece","1950",7566
"1660","Greenland (Denmark)","1950",22
"1661","Grenada","1950",76
"1662","Guam (US)","1950",60
"1663","Guatemala","1950",2969
"1664","Guernsey (UK)","1950",45
"1665","Guinea","1950",2586
"1666","Guinea-Bissau","1950",573
"1667","Guyana","1950",428
"1668","Haiti","1950",3097
"1669","Honduras","1950",1431
"1670","Hong Kong (China)","1950",2237
"1671","Hungary","1950",9338
"1672","Iceland","1950",143
"1673","India","1950",369880
"1674","Indonesia","1950",82978
"1675","Iran","1950",16357
"1676","Iraq","1950",5163
"1677","Ireland","1950",2963
"1678","Isle of Man (UK)","1950",55
"1679","Israel","1950",1286
"1680","Italy","1950",47105
"1681","Ivory Coast","1950",2860
"1682","Jamaica","1950",1385
"1683","Japan","1950",83805
"1684","Jersey (UK)","1950",57
"1685","Jordan","1950",561
"1686","Kazakhstan","1950",6693
"1687","Kenya","1950",6121
"1688","Kiribati","1950",33
"1689","Kuwait","1950",145
"1690","Kyrgyzstan","1950",1739
"1691","Laos","1950",1886
"1692","Latvia","1950",1936
"1693","Lebanon","1950",1364
"1694","Lesotho","1950",726
"1695","Liberia","1950",824
"1696","Libya","1950",961
"1697","Liechtenstein","1950",14
"1698","Lithuania","1950",2553
"1699","Luxembourg","1950",296
"1700","Macau (China)","1950",205
"1701","Macedonia","1950",1225
"1702","Madagascar","1950",4620
"1703","Malawi","1950",2817
"1704","Malaysia","1950",6434
"1705","Maldives","1950",79
"1706","Mali","1950",3688
"1707","Malta","1950",312
"1708","Marshall Islands","1950",11
"1709","Mauritania","1950",1006
"1710","Mauritius","1950",481
"1711","Mayotte (France)","1950",22
"1712","Mexico","1950",28485
"1713","Moldova","1950",2336
"1714","Monaco","1950",18
"1715","Mongolia","1950",779
"1716","Montenegro","1950",396
"1717","Montserrat (UK)","1950",13
"1718","Morocco","1950",9343
"1719","Mozambique","1950",6250
"1720","Myanmar","1950",19488
"1721","Namibia","1950",464
"1722","Nauru","1950",3
"1723","Nepal","1950",8990
"1724","Netherlands","1950",10121
"1725","New Caledonia (France)","1950",55
"1726","New Zealand","1950",1908
"1727","Nicaragua","1950",1098
"1728","Niger","1950",3271
"1729","Nigeria","1950",31797
"1730","North Korea","1950",9471
"1731","Northern Mariana Islands (US)","1950",6
"1732","Norway","1950",3265
"1733","Oman","1950",489
"1734","Pakistan","1950",40382
"1735","Palau","1950",7
"1736","Panama","1950",893
"1737","Papua New Guinea","1950",1412
"1738","Paraguay","1950",1476
"1739","Peru","1950",7633
"1740","Philippines","1950",21131
"1741","Poland","1950",24824
"1742","Portugal","1950",8443
"1743","Puerto Rico","1950",2218
"1744","Qatar","1950",25
"1745","Romania","1950",16311
"1746","Russia","1950",101937
"1747","Rwanda","1950",2439
"1748","Saint Barthélemy (France)","1950",2
"1749","Saint Helena Ascension and Tristan da Cunha (UK)","1950",5
"1750","Saint Kitts and Nevis","1950",44
"1751","Saint Lucia","1950",79
"1752","Saint Martin (France)","1950",3
"1753","Saint Pierre and Miquelon (France)","1950",5
"1754","Saint Vincent and the Grenadines","1950",66
"1755","Samoa","1950",82
"1756","San Marino","1950",13
"1757","São Tomé and Príncipe","1950",60
"1758","Saudi Arabia","1950",3860
"1759","Senegal","1950",2654
"1760","Serbia","1950",5956
"1761","Seychelles","1950",33
"1762","Sierra Leone","1950",2087
"1763","Singapore","1950",1022
"1764","Sint Maarten (Netherlands)","1950",2
"1765","Slovakia","1950",3463
"1766","Slovenia","1950",1468
"1767","Solomon Islands","1950",107
"1768","Somalia","1950",2438
"1769","South Africa","1950",13596
"1770","South Korea","1950",20846
"1771","Spain","1950",28063
"1772","Sri Lanka","1950",7533
"1773","Sudan","1950",8051
"1774","Suriname","1950",208
"1775","Swaziland","1950",277
"1776","Sweden","1950",7014
"1777","Switzerland","1950",4694
"1778","Syria","1950",3495
"1779","Taiwan","1950",7981
"1780","Tajikistan","1950",1530
"1781","Tanzania","1950",7935
"1782","Thailand","1950",20042
"1783","Timor-Leste","1950",436
"1784","Togo","1950",1172
"1785","Tonga","1950",46
"1786","Trinidad and Tobago","1950",632
"1787","Tunisia","1950",3517
"1788","Turkey","1950",21122
"1789","Turkmenistan","1950",1204
"1790","Turks and Caicos Islands (UK)","1950",5
"1791","Tuvalu","1950",5
"1792","Uganda","1950",5522
"1793","Ukraine","1950",36775
"1794","United Arab Emirates","1950",72
"1795","United Kingdom","1950",50127
"1796","United States","1950",151868
"1797","United States Virgin Islands","1950",27
"1798","Uruguay","1950",2194
"1799","Uzbekistan","1950",6293
"1800","Vanuatu","1950",52
"1801","Venezuela","1950",5009
"1802","Vietnam","1950",25348
"1803","Wallis and Futuna (France)","1950",7
"1804","West Bank","1950",771
"1805","Western Sahara","1950",9
"1806","Yemen","1950",4777
"1807","Zambia","1950",2553
"1808","Zimbabwe","1950",2853
"1809","Afghanistan","1955",8891
"1810","Albania","1955",1392
"1811","Algeria","1955",9842
"1812","American Samoa","1955",20
"1813","Andorra","1955",6
"1814","Angola","1955",4423
"1815","Anguilla (UK)","1955",5
"1816","Antigua and Barbuda","1955",51
"1817","Argentina","1955",18928
"1818","Armenia","1955",1565
"1819","Aruba (Netherlands)","1955",54
"1820","Australia","1955",9277
"1821","Austria","1955",6947
"1822","Azerbaijan","1955",3314
"1823","Bahamas","1955",87
"1824","Bahrain","1955",130
"1825","Bangladesh","1955",49588
"1826","Barbados","1955",227
"1827","Belarus","1955",7781
"1828","Belgium","1955",8868
"1829","Belize","1955",77
"1830","Benin","1955",1846
"1831","Bermuda (UK)","1955",41
"1832","Bhutan","1955",186
"1833","Bolivia","1955",3074
"1834","Bosnia and Herzegovina","1955",2974
"1835","Botswana","1955",461
"1836","Brazil","1955",61774
"1837","British Virgin Islands","1955",7
"1838","Brunei","1955",61
"1839","Bulgaria","1955",7499
"1840","Burkina Faso","1955",4614
"1841","Burundi","1955",2576
"1842","Cambodia","1955",5049
"1843","Cameroon","1955",5211
"1844","Canada","1955",16050
"1845","Cape Verde","1955",169
"1846","Cayman Islands (UK)","1955",7
"1847","Central African Republic","1955",1348
"1848","Chad","1955",2805
"1849","Chile","1955",6743
"1850","China","1955",606730
"1851","Colombia","1955",13588
"1852","Comoros","1955",164
"1853","Congo (Brazzaville)","1955",904
"1854","Congo (Kinshasa)","1955",14953
"1855","Costa Rica","1955",1032
"1856","Croatia","1955",3956
"1857","Cuba","1955",6381
"1858","Curaçao (Netherlands)","1955",112
"1859","Cyprus","1955",533
"1860","Czech Republic","1955",9366
"1861","Denmark","1955",4439
"1862","Djibouti","1955",90
"1863","Dominica","1955",57
"1864","Dominican Republic","1955",2737
"1865","Ecuador","1955",3842
"1866","Egypt","1955",23856
"1867","El Salvador","1955",2221
"1868","Equatorial Guinea","1955",226
"1869","Eritrea","1955",1499
"1870","Estonia","1955",1154
"1871","Ethiopia","1955",21990
"1872","Faroe Islands (Denmark)","1955",33
"1873","Federated States of Micronesia","1955",36
"1874","Fiji","1955",332
"1875","Finland","1955",4235
"1876","France","1955",44218
"1877","French Polynesia","1955",72
"1878","Gabon","1955",429
"1879","Gambia","1955",306
"1880","Gaza Strip","1955",266
"1881","Georgia","1955",3827
"1882","Germany","1955",70196
"1883","Ghana","1955",6049
"1884","Gibraltar (UK)","1955",24
"1885","Greece","1955",7966
"1886","Greenland (Denmark)","1955",27
"1887","Grenada","1955",85
"1888","Guam (US)","1955",69
"1889","Guatemala","1955",3487
"1890","Guernsey (UK)","1955",46
"1891","Guinea","1955",2787
"1892","Guinea-Bissau","1955",592
"1893","Guyana","1955",491
"1894","Haiti","1955",3365
"1895","Honduras","1955",1662
"1896","Hong Kong (China)","1955",2490
"1897","Hungary","1955",9825
"1898","Iceland","1955",158
"1899","India","1955",404268
"1900","Indonesia","1955",90255
"1901","Iran","1955",18739
"1902","Iraq","1955",5903
"1903","Ireland","1955",2916
"1904","Isle of Man (UK)","1955",51
"1905","Israel","1955",1772
"1906","Italy","1955",48633
"1907","Ivory Coast","1955",3164
"1908","Jamaica","1955",1489
"1909","Japan","1955",89815
"1910","Jersey (UK)","1955",60
"1911","Jordan","1955",687
"1912","Kazakhstan","1955",7977
"1913","Kenya","1955",7034
"1914","Kiribati","1955",37
"1915","Kuwait","1955",187
"1916","Kyrgyzstan","1955",1901
"1917","Laos","1955",2077
"1918","Latvia","1955",2002
"1919","Lebanon","1955",1561
"1920","Lesotho","1955",786
"1921","Liberia","1955",928
"1922","Libya","1955",1122
"1923","Liechtenstein","1955",15
"1924","Lithuania","1955",2614
"1925","Luxembourg","1955",305
"1926","Macau (China)","1955",193
"1927","Macedonia","1955",1340
"1928","Madagascar","1955",5003
"1929","Malawi","1955",3088
"1930","Malaysia","1955",7312
"1931","Maldives","1955",80
"1932","Mali","1955",4071
"1933","Malta","1955",314
"1934","Marshall Islands","1955",13
"1935","Mauritania","1955",1053
"1936","Mauritius","1955",572
"1937","Mayotte (France)","1955",24
"1938","Mexico","1955",32930
"1939","Moldova","1955",2622
"1940","Monaco","1955",18
"1941","Mongolia","1955",844
"1942","Montenegro","1955",432
"1943","Montserrat (UK)","1955",13
"1944","Morocco","1955",10782
"1945","Mozambique","1955",6782
"1946","Myanmar","1955",21050
"1947","Namibia","1955",522
"1948","Nauru","1955",4
"1949","Nepal","1955",9479
"1950","Netherlands","1955",10758
"1951","New Caledonia (France)","1955",65
"1952","New Zealand","1955",2136
"1953","Nicaragua","1955",1277
"1954","Niger","1955",3559
"1955","Nigeria","1955",35955
"1956","North Korea","1955",8863
"1957","Northern Mariana Islands (US)","1955",7
"1958","Norway","1955",3427
"1959","Oman","1955",540
"1960","Pakistan","1955",45536
"1961","Palau","1955",8
"1962","Panama","1955",1011
"1963","Papua New Guinea","1955",1545
"1964","Paraguay","1955",1683
"1965","Peru","1955",8672
"1966","Philippines","1955",24553
"1967","Poland","1955",27221
"1968","Portugal","1955",8693
"1969","Puerto Rico","1955",2250
"1970","Qatar","1955",35
"1971","Romania","1955",17325
"1972","Russia","1955",111125
"1973","Rwanda","1955",2698
"1974","Saint Barthélemy (France)","1955",2
"1975","Saint Helena Ascension and Tristan da Cunha (UK)","1955",5
"1976","Saint Kitts and Nevis","1955",50
"1977","Saint Lucia","1955",86
"1978","Saint Martin (France)","1955",4
"1979","Saint Pierre and Miquelon (France)","1955",5
"1980","Saint Vincent and the Grenadines","1955",75
"1981","Samoa","1955",94
"1982","San Marino","1955",14
"1983","São Tomé and Príncipe","1955",60
"1984","Saudi Arabia","1955",4243
"1985","Senegal","1955",2927
"1986","Serbia","1955",6313
"1987","Seychelles","1955",36
"1988","Sierra Leone","1955",2233
"1989","Singapore","1955",1306
"1990","Sint Maarten (Netherlands)","1955",2
"1991","Slovakia","1955",3727
"1992","Slovenia","1955",1517
"1993","Solomon Islands","1955",114
"1994","Somalia","1955",2673
"1995","South Africa","1955",15369
"1996","South Korea","1955",21552
"1997","Spain","1955",29319
"1998","Sri Lanka","1955",8694
"1999","Sudan","1955",9233
"2000","Suriname","1955",240
"2001","Swaziland","1955",311
"2002","Sweden","1955",7262
"2003","Switzerland","1955",4980
"2004","Syria","1955",3938
"2005","Taiwan","1955",9486
"2006","Tajikistan","1955",1781
"2007","Tanzania","1955",8971
"2008","Thailand","1955",23451
"2009","Timor-Leste","1955",472
"2010","Togo","1955",1298
"2011","Tonga","1955",54
"2012","Trinidad and Tobago","1955",721
"2013","Tunisia","1955",3846
"2014","Turkey","1955",24145
"2015","Turkmenistan","1955",1348
"2016","Turks and Caicos Islands (UK)","1955",5
"2017","Tuvalu","1955",5
"2018","Uganda","1955",6317
"2019","Ukraine","1955",39368
"2020","United Arab Emirates","1955",83
"2021","United Kingdom","1955",50946
"2022","United States","1955",165069
"2023","United States Virgin Islands","1955",28
"2024","Uruguay","1955",2353
"2025","Uzbekistan","1955",7232
"2026","Vanuatu","1955",59
"2027","Venezuela","1955",6170
"2028","Vietnam","1955",27738
"2029","Wallis and Futuna (France)","1955",7
"2030","West Bank","1955",788
"2031","Western Sahara","1955",16
"2032","Yemen","1955",5265
"2033","Zambia","1955",2869
"2034","Zimbabwe","1955",3409
"2035","Afghanistan","1960",9829
"2036","Albania","1960",1623
"2037","Algeria","1960",10909
"2038","American Samoa","1960",20
"2039","Andorra","1960",8
"2040","Angola","1960",4797
"2041","Anguilla (UK)","1960",6
"2042","Antigua and Barbuda","1960",55
"2043","Argentina","1960",20616
"2044","Armenia","1960",1869
"2045","Aruba (Netherlands)","1960",57
"2046","Australia","1960",10361
"2047","Austria","1960",7047
"2048","Azerbaijan","1960",3882
"2049","Bahamas","1960",112
"2050","Bahrain","1960",157
"2051","Bangladesh","1960",54593
"2052","Barbados","1960",232
"2053","Belarus","1960",8168
"2054","Belgium","1960",9119
"2055","Belize","1960",92
"2056","Benin","1960",2055
"2057","Bermuda (UK)","1960",44
"2058","Bhutan","1960",212
"2059","Bolivia","1960",3434
"2060","Bosnia and Herzegovina","1960",3240
"2061","Botswana","1960",497
"2062","Brazil","1960",71695
"2063","British Virgin Islands","1960",7
"2064","Brunei","1960",83
"2065","Bulgaria","1960",7867
"2066","Burkina Faso","1960",4866
"2067","Burundi","1960",2815
"2068","Cambodia","1960",5761
"2069","Cameroon","1960",5609
"2070","Canada","1960",18267
"2071","Cape Verde","1960",197
"2072","Cayman Islands (UK)","1960",8
"2073","Central African Republic","1960",1467
"2074","Chad","1960",3042
"2075","Chile","1960",7585
"2076","China","1960",650661
"2077","Colombia","1960",15953
"2078","Comoros","1960",183
"2079","Congo (Brazzaville)","1960",1002
"2080","Congo (Kinshasa)","1960",16610
"2081","Costa Rica","1960",1248
"2082","Croatia","1960",4036
"2083","Cuba","1960",7027
"2084","Curaçao (Netherlands)","1960",124
"2085","Cyprus","1960",579
"2086","Czech Republic","1960",9660
"2087","Denmark","1960",4581
"2088","Djibouti","1960",111
"2089","Dominica","1960",60
"2090","Dominican Republic","1960",3231
"2091","Ecuador","1960",4416
"2092","Egypt","1960",26847
"2093","El Salvador","1960",2582
"2094","Equatorial Guinea","1960",244
"2095","Eritrea","1960",1615
"2096","Estonia","1960",1211
"2097","Ethiopia","1960",24169
"2098","Faroe Islands (Denmark)","1960",35
"2099","Federated States of Micronesia","1960",42
"2100","Fiji","1960",393
"2101","Finland","1960",4430
"2102","France","1960",46584
"2103","French Polynesia","1960",81
"2104","Gabon","1960",446
"2105","Gambia","1960",352
"2106","Gaza Strip","1960",308
"2107","Georgia","1960",4147
"2108","Germany","1960",72481
"2109","Ghana","1960",6958
"2110","Gibraltar (UK)","1960",24
"2111","Greece","1960",8327
"2112","Greenland (Denmark)","1960",32
"2113","Grenada","1960",90
"2114","Guam (US)","1960",67
"2115","Guatemala","1960",4100
"2116","Guernsey (UK)","1960",47
"2117","Guinea","1960",3026
"2118","Guinea-Bissau","1960",617
"2119","Guyana","1960",571
"2120","Haiti","1960",3697
"2121","Honduras","1960",1952
"2122","Hong Kong (China)","1960",3075
"2123","Hungary","1960",9984
"2124","Iceland","1960",176
"2125","India","1960",445393
"2126","Indonesia","1960",100146
"2127","Iran","1960",21600
"2128","Iraq","1960",6822
"2129","Ireland","1960",2832
"2130","Isle of Man (UK)","1960",48
"2131","Israel","1960",2141
"2132","Italy","1960",50198
"2133","Ivory Coast","1960",3576
"2134","Jamaica","1960",1632
"2135","Japan","1960",94092
"2136","Jersey (UK)","1960",63
"2137","Jordan","1960",849
"2138","Kazakhstan","1960",9982
"2139","Kenya","1960",8157
"2140","Kiribati","1960",41
"2141","Kuwait","1960",292
"2142","Kyrgyzstan","1960",2171
"2143","Laos","1960",2309
"2144","Latvia","1960",2115
"2145","Lebanon","1960",1786
"2146","Lesotho","1960",859
"2147","Liberia","1960",1055
"2148","Libya","1960",1338
"2149","Liechtenstein","1960",16
"2150","Lithuania","1960",2765
"2151","Luxembourg","1960",314
"2152","Macau (China)","1960",186
"2153","Macedonia","1960",1366
"2154","Madagascar","1960",5482
"2155","Malawi","1960",3450
"2156","Malaysia","1960",8428
"2157","Maldives","1960",92
"2158","Mali","1960",4495
"2159","Malta","1960",329
"2160","Marshall Islands","1960",15
"2161","Mauritania","1960",1117
"2162","Mauritius","1960",663
"2163","Mayotte (France)","1960",28
"2164","Mexico","1960",38579
"2165","Moldova","1960",2999
"2166","Monaco","1960",21
"2167","Mongolia","1960",955
"2168","Montenegro","1960",461
"2169","Montserrat (UK)","1960",12
"2170","Morocco","1960",12423
"2171","Mozambique","1960",7472
"2172","Myanmar","1960",22839
"2173","Namibia","1960",591
"2174","Nauru","1960",4
"2175","Nepal","1960",10035
"2176","Netherlands","1960",11494
"2177","New Caledonia (France)","1960",79
"2178","New Zealand","1960",2372
"2179","Nicaragua","1960",1493
"2180","Niger","1960",3913
"2181","Nigeria","1960",41550
"2182","North Korea","1960",10448
"2183","Northern Mariana Islands (US)","1960",9
"2184","Norway","1960",3581
"2185","Oman","1960",601
"2186","Pakistan","1960",51719
"2187","Palau","1960",9
"2188","Panama","1960",1148
"2189","Papua New Guinea","1960",1718
"2190","Paraguay","1960",1910
"2191","Peru","1960",9931
"2192","Philippines","1960",28529
"2193","Poland","1960",29590
"2194","Portugal","1960",9037
"2195","Puerto Rico","1960",2358
"2196","Qatar","1960",45
"2197","Romania","1960",18403
"2198","Russia","1960",119632
"2199","Rwanda","1960",3032
"2200","Saint Barthélemy (France)","1960",2
"2201","Saint Helena Ascension and Tristan da Cunha (UK)","1960",5
"2202","Saint Kitts and Nevis","1960",51
"2203","Saint Lucia","1960",88
"2204","Saint Martin (France)","1960",4
"2205","Saint Pierre and Miquelon (France)","1960",5
"2206","Saint Vincent and the Grenadines","1960",81
"2207","Samoa","1960",110
"2208","San Marino","1960",15
"2209","São Tomé and Príncipe","1960",63
"2210","Saudi Arabia","1960",4718
"2211","Senegal","1960",3270
"2212","Serbia","1960",6659
"2213","Seychelles","1960",42
"2214","Sierra Leone","1960",2396
"2215","Singapore","1960",1646
"2216","Sint Maarten (Netherlands)","1960",3
"2217","Slovakia","1960",3994
"2218","Slovenia","1960",1558
"2219","Solomon Islands","1960",126
"2220","Somalia","1960",2956
"2221","South Africa","1960",17417
"2222","South Korea","1960",24784
"2223","Spain","1960",30641
"2224","Sri Lanka","1960",9913
"2225","Sudan","1960",10589
"2226","Suriname","1960",284
"2227","Swaziland","1960",352
"2228","Sweden","1960",7480
"2229","Switzerland","1960",5362
"2230","Syria","1960",4533
"2231","Taiwan","1960",11209
"2232","Tajikistan","1960",2081
"2233","Tanzania","1960",10260
"2234","Thailand","1960",27513
"2235","Timor-Leste","1960",509
"2236","Togo","1960",1456
"2237","Tonga","1960",64
"2238","Trinidad and Tobago","1960",841
"2239","Tunisia","1960",4149
"2240","Turkey","1960",28217
"2241","Turkmenistan","1960",1585
"2242","Turks and Caicos Islands (UK)","1960",6
"2243","Tuvalu","1960",5
"2244","Uganda","1960",7262
"2245","Ukraine","1960",42644
"2246","United Arab Emirates","1960",103
"2247","United Kingdom","1960",52372
"2248","United States","1960",179979
"2249","United States Virgin Islands","1960",33
"2250","Uruguay","1960",2531
"2251","Uzbekistan","1960",8531
"2252","Vanuatu","1960",66
"2253","Venezuela","1960",7556
"2254","Vietnam","1960",31656
"2255","Wallis and Futuna (France)","1960",8
"2256","West Bank","1960",805
"2257","Western Sahara","1960",28
"2258","Yemen","1960",5872
"2259","Zambia","1960",3254
"2260","Zimbabwe","1960",4011
"2261","Afghanistan","1965",10998
"2262","Albania","1965",1884
"2263","Algeria","1965",11963
"2264","American Samoa","1965",25
"2265","Andorra","1965",14
"2266","Angola","1965",5135
"2267","Anguilla (UK)","1965",6
"2268","Antigua and Barbuda","1965",59
"2269","Argentina","1965",22283
"2270","Armenia","1965",2206
"2271","Aruba (Netherlands)","1965",59
"2272","Australia","1965",11439
"2273","Austria","1965",7271
"2274","Azerbaijan","1965",4567
"2275","Bahamas","1965",139
"2276","Bahrain","1965",191
"2277","Bangladesh","1965",60284
"2278","Barbados","1965",235
"2279","Belarus","1965",8591
"2280","Belgium","1965",9448
"2281","Belize","1965",107
"2282","Benin","1965",2311
"2283","Bermuda (UK)","1965",49
"2284","Bhutan","1965",254
"2285","Bolivia","1965",3853
"2286","Bosnia and Herzegovina","1965",3493
"2287","Botswana","1965",538
"2288","Brazil","1965",83093
"2289","British Virgin Islands","1965",8
"2290","Brunei","1965",102
"2291","Bulgaria","1965",8201
"2292","Burkina Faso","1965",5032
"2293","Burundi","1965",3171
"2294","Cambodia","1965",6602
"2295","Cameroon","1965",6104
"2296","Canada","1965",20071
"2297","Cape Verde","1965",232
"2298","Cayman Islands (UK)","1965",9
"2299","Central African Republic","1965",1628
"2300","Chad","1965",3345
"2301","Chile","1965",8510
"2302","China","1965",715546
"2303","Colombia","1965",18646
"2304","Comoros","1965",206
"2305","Congo (Brazzaville)","1965",1124
"2306","Congo (Kinshasa)","1965",18856
"2307","Costa Rica","1965",1488
"2308","Croatia","1965",4133
"2309","Cuba","1965",7810
"2310","Curaçao (Netherlands)","1965",134
"2311","Cyprus","1965",600
"2312","Czech Republic","1965",9777
"2313","Denmark","1965",4758
"2314","Djibouti","1965",142
"2315","Dominica","1965",64
"2316","Dominican Republic","1965",3806
"2317","Ecuador","1965",5118
"2318","Egypt","1965",30265
"2319","El Salvador","1965",3018
"2320","Equatorial Guinea","1965",253
"2321","Eritrea","1965",1746
"2322","Estonia","1965",1288
"2323","Ethiopia","1965",26740
"2324","Faroe Islands (Denmark)","1965",37
"2325","Federated States of Micronesia","1965",49
"2326","Fiji","1965",463
"2327","Finland","1965",4564
"2328","France","1965",49802
"2329","French Polynesia","1965",95
"2330","Gabon","1965",474
"2331","Gambia","1965",412
"2332","Gaza Strip","1965",350
"2333","Georgia","1965",4465
"2334","Germany","1965",75639
"2335","Ghana","1965",8010
"2336","Gibraltar (UK)","1965",25
"2337","Greece","1965",8550
"2338","Greenland (Denmark)","1965",39
"2339","Grenada","1965",93
"2340","Guam (US)","1965",74
"2341","Guatemala","1965",4746
"2342","Guernsey (UK)","1965",50
"2343","Guinea","1965",3314
"2344","Guinea-Bissau","1965",604
"2345","Guyana","1965",640
"2346","Haiti","1965",4094
"2347","Honduras","1965",2329
"2348","Hong Kong (China)","1965",3598
"2349","Hungary","1965",10153
"2350","Iceland","1965",192
"2351","India","1965",494964
"2352","Indonesia","1965",110754
"2353","Iran","1965",25040
"2354","Iraq","1965",7971
"2355","Ireland","1965",2876
"2356","Isle of Man (UK)","1965",49
"2357","Israel","1965",2578
"2358","Italy","1965",51987
"2359","Ivory Coast","1965",4356
"2360","Jamaica","1965",1777
"2361","Japan","1965",98883
"2362","Jersey (UK)","1965",66
"2363","Jordan","1965",1061
"2364","Kazakhstan","1965",11902
"2365","Kenya","1965",9549
"2366","Kiribati","1965",45
"2367","Kuwait","1965",476
"2368","Kyrgyzstan","1965",2573
"2369","Laos","1965",2565
"2370","Latvia","1965",2254
"2371","Lebanon","1965",2058
"2372","Lesotho","1965",952
"2373","Liberia","1965",1209
"2374","Libya","1965",1624
"2375","Liechtenstein","1965",19
"2376","Lithuania","1965",2959
"2377","Luxembourg","1965",332
"2378","Macau (China)","1965",224
"2379","Macedonia","1965",1470
"2380","Madagascar","1965",6070
"2381","Malawi","1965",3914
"2382","Malaysia","1965",9648
"2383","Maldives","1965",98
"2384","Mali","1965",4978
"2385","Malta","1965",319
"2386","Marshall Islands","1965",18
"2387","Mauritania","1965",1195
"2388","Mauritius","1965",756
"2389","Mayotte (France)","1965",32
"2390","Mexico","1965",45142
"2391","Moldova","1965",3334
"2392","Monaco","1965",22
"2393","Mongolia","1965",1090
"2394","Montenegro","1965",491
"2395","Montserrat (UK)","1965",12
"2396","Morocco","1965",14066
"2397","Mozambique","1965",8301
"2398","Myanmar","1965",24937
"2399","Namibia","1965",671
"2400","Nauru","1965",6
"2401","Nepal","1965",10862
"2402","Netherlands","1965",12301
"2403","New Caledonia (France)","1965",90
"2404","New Zealand","1965",2640
"2405","Nicaragua","1965",1750
"2406","Niger","1965",4344
"2407","Nigeria","1965",48068
"2408","North Korea","1965",11964
"2409","Northern Mariana Islands (US)","1965",10
"2410","Norway","1965",3723
"2411","Oman","1965",682
"2412","Pakistan","1965",59046
"2413","Palau","1965",11
"2414","Panama","1965",1326
"2415","Papua New Guinea","1965",1941
"2416","Paraguay","1965",2170
"2417","Peru","1965",11467
"2418","Philippines","1965",33268
"2419","Poland","1965",31262
"2420","Portugal","1965",9129
"2421","Puerto Rico","1965",2597
"2422","Qatar","1965",70
"2423","Romania","1965",19027
"2424","Russia","1965",126541
"2425","Rwanda","1965",3265
"2426","Saint Barthélemy (France)","1965",2
"2427","Saint Helena Ascension and Tristan da Cunha (UK)","1965",5
"2428","Saint Kitts and Nevis","1965",49
"2429","Saint Lucia","1965",94
"2430","Saint Martin (France)","1965",5
"2431","Saint Pierre and Miquelon (France)","1965",5
"2432","Saint Vincent and the Grenadines","1965",85
"2433","Samoa","1965",127
"2434","San Marino","1965",17
"2435","São Tomé and Príncipe","1965",69
"2436","Saudi Arabia","1965",5327
"2437","Senegal","1965",3744
"2438","Serbia","1965",6959
"2439","Seychelles","1965",48
"2440","Sierra Leone","1965",2582
"2441","Singapore","1965",1887
"2442","Sint Maarten (Netherlands)","1965",4
"2443","Slovakia","1965",4370
"2444","Slovenia","1965",1620
"2445","Solomon Islands","1965",143
"2446","Somalia","1965",3283
"2447","South Africa","1965",19898
"2448","South Korea","1965",28705
"2449","Spain","1965",32085
"2450","Sri Lanka","1965",11261
"2451","Sudan","1965",12086
"2452","Suriname","1965",336
"2453","Swaziland","1965",399
"2454","Sweden","1965",7734
"2455","Switzerland","1965",5943
"2456","Syria","1965",5326
"2457","Taiwan","1965",12978
"2458","Tajikistan","1965",2511
"2459","Tanzania","1965",11870
"2460","Thailand","1965",32062
"2461","Timor-Leste","1965",553
"2462","Togo","1965",1648
"2463","Tonga","1965",74
"2464","Trinidad and Tobago","1965",939
"2465","Tunisia","1965",4566
"2466","Turkey","1965",31951
"2467","Turkmenistan","1965",1882
"2468","Turks and Caicos Islands (UK)","1965",6
"2469","Tuvalu","1965",6
"2470","Uganda","1965",8389
"2471","Ukraine","1965",45235
"2472","United Arab Emirates","1965",144
"2473","United Kingdom","1965",54350
"2474","United States","1965",193526
"2475","United States Virgin Islands","1965",44
"2476","Uruguay","1965",2693
"2477","Uzbekistan","1965",10206
"2478","Vanuatu","1965",74
"2479","Venezuela","1965",9068
"2480","Vietnam","1965",37258
"2481","Wallis and Futuna (France)","1965",8
"2482","West Bank","1965",861
"2483","Western Sahara","1965",50
"2484","Yemen","1965",6510
"2485","Zambia","1965",3694
"2486","Zimbabwe","1965",4685
"2487","Afghanistan","1970",12431
"2488","Albania","1970",2157
"2489","Algeria","1970",13932
"2490","American Samoa","1970",27
"2491","Andorra","1970",20
"2492","Angola","1970",5606
"2493","Anguilla (UK)","1970",6
"2494","Antigua and Barbuda","1970",66
"2495","Argentina","1970",23962
"2496","Armenia","1970",2520
"2497","Aruba (Netherlands)","1970",59
"2498","Australia","1970",12660
"2499","Austria","1970",7467
"2500","Azerbaijan","1970",5169
"2501","Bahamas","1970",170
"2502","Bahrain","1970",220
"2503","Bangladesh","1970",67331
"2504","Barbados","1970",239
"2505","Belarus","1970",9027
"2506","Belgium","1970",9638
"2507","Belize","1970",122
"2508","Benin","1970",2620
"2509","Bermuda (UK)","1970",53
"2510","Bhutan","1970",309
"2511","Bolivia","1970",4346
"2512","Bosnia and Herzegovina","1970",3703
"2513","Botswana","1970",584
"2514","Brazil","1970",95684
"2515","British Virgin Islands","1970",10
"2516","Brunei","1970",128
"2517","Bulgaria","1970",8490
"2518","Burkina Faso","1970",5304
"2519","Burundi","1970",3522
"2520","Cambodia","1970",7394
"2521","Cameroon","1970",6727
"2522","Canada","1970",21750
"2523","Cape Verde","1970",269
"2524","Cayman Islands (UK)","1970",10
"2525","Central African Republic","1970",1839
"2526","Chad","1970",3727
"2527","Chile","1970",9369
"2528","China","1970",820403
"2529","Colombia","1970",21430
"2530","Comoros","1970",237
"2531","Congo (Brazzaville)","1970",1272
"2532","Congo (Kinshasa)","1970",21781
"2533","Costa Rica","1970",1736
"2534","Croatia","1970",4205
"2535","Cuba","1970",8543
"2536","Curaçao (Netherlands)","1970",145
"2537","Cyprus","1970",627
"2538","Czech Republic","1970",9795
"2539","Denmark","1970",4929
"2540","Djibouti","1970",180
"2541","Dominica","1970",70
"2542","Dominican Republic","1970",4423
"2543","Ecuador","1970",5939
"2544","Egypt","1970",33574
"2545","El Salvador","1970",3604
"2546","Equatorial Guinea","1970",270
"2547","Eritrea","1970",2160
"2548","Estonia","1970",1363
"2549","Ethiopia","1970",29469
"2550","Faroe Islands (Denmark)","1970",39
"2551","Federated States of Micronesia","1970",57
"2552","Fiji","1970",521
"2553","Finland","1970",4606
"2554","France","1970",51918
"2555","French Polynesia","1970",114
"2556","Gabon","1970",515
"2557","Gambia","1970",485
"2558","Gaza Strip","1970",343
"2559","Georgia","1970",4694
"2560","Germany","1970",77783
"2561","Ghana","1970",8789
"2562","Gibraltar (UK)","1970",26
"2563","Greece","1970",8793
"2564","Greenland (Denmark)","1970",46
"2565","Grenada","1970",95
"2566","Guam (US)","1970",86
"2567","Guatemala","1970",5264
"2568","Guernsey (UK)","1970",53
"2569","Guinea","1970",3643
"2570","Guinea-Bissau","1970",620
"2571","Guyana","1970",715
"2572","Haiti","1970",4541
"2573","Honduras","1970",2761
"2574","Hong Kong (China)","1970",3959
"2575","Hungary","1970",10337
"2576","Iceland","1970",204
"2577","India","1970",553889
"2578","Indonesia","1970",122292
"2579","Iran","1970",28994
"2580","Iraq","1970",9414
"2581","Ireland","1970",2950
"2582","Isle of Man (UK)","1970",53
"2583","Israel","1970",2903
"2584","Italy","1970",53661
"2585","Ivory Coast","1970",5579
"2586","Jamaica","1970",1944
"2587","Japan","1970",104345
"2588","Jersey (UK)","1970",69
"2589","Jordan","1970",1503
"2590","Kazakhstan","1970",13106
"2591","Kenya","1970",11247
"2592","Kiribati","1970",49
"2593","Kuwait","1970",748
"2594","Kyrgyzstan","1970",2964
"2595","Laos","1970",2845
"2596","Latvia","1970",2361
"2597","Lebanon","1970",2383
"2598","Lesotho","1970",1067
"2599","Liberia","1970",1397
"2600","Libya","1970",1999
"2601","Liechtenstein","1970",21
"2602","Lithuania","1970",3138
"2603","Luxembourg","1970",339
"2604","Macau (China)","1970",261
"2605","Macedonia","1970",1574
"2606","Madagascar","1970",6766
"2607","Malawi","1970",4508
"2608","Malaysia","1970",10910
"2609","Maldives","1970",115
"2610","Mali","1970",5546
"2611","Malta","1970",326
"2612","Marshall Islands","1970",22
"2613","Mauritania","1970",1289
"2614","Mauritius","1970",830
"2615","Mayotte (France)","1970",37
"2616","Mexico","1970",52775
"2617","Moldova","1970",3595
"2618","Monaco","1970",24
"2619","Mongolia","1970",1248
"2620","Montenegro","1970",514
"2621","Montserrat (UK)","1970",12
"2622","Morocco","1970",15909
"2623","Mozambique","1970",9304
"2624","Myanmar","1970",27393
"2625","Namibia","1970",765
"2626","Nauru","1970",7
"2627","Nepal","1970",11919
"2628","Netherlands","1970",13043
"2629","New Caledonia (France)","1970",112
"2630","New Zealand","1970",2828
"2631","Nicaragua","1970",2053
"2632","Niger","1970",4841
"2633","Nigeria","1970",55590
"2634","North Korea","1970",14062
"2635","Northern Mariana Islands (US)","1970",12
"2636","Norway","1970",3877
"2637","Oman","1970",783
"2638","Pakistan","1970",67491
"2639","Palau","1970",12
"2640","Panama","1970",1531
"2641","Papua New Guinea","1970",2214
"2642","Paraguay","1970",2477
"2643","Peru","1970",13193
"2644","Philippines","1970",38604
"2645","Poland","1970",32526
"2646","Portugal","1970",9044
"2647","Puerto Rico","1970",2722
"2648","Qatar","1970",113
"2649","Romania","1970",20253
"2650","Russia","1970",130245
"2651","Rwanda","1970",3769
"2652","Saint Barthélemy (France)","1970",2
"2653","Saint Helena Ascension and Tristan da Cunha (UK)","1970",6
"2654","Saint Kitts and Nevis","1970",46
"2655","Saint Lucia","1970",103
"2656","Saint Martin (France)","1970",5
"2657","Saint Pierre and Miquelon (France)","1970",5
"2658","Saint Vincent and the Grenadines","1970",88
"2659","Samoa","1970",142
"2660","San Marino","1970",19
"2661","São Tomé and Príncipe","1970",74
"2662","Saudi Arabia","1970",6109
"2663","Senegal","1970",4318
"2664","Serbia","1970",7248
"2665","Seychelles","1970",54
"2666","Sierra Leone","1970",2789
"2667","Singapore","1970",2075
"2668","Sint Maarten (Netherlands)","1970",6
"2669","Slovakia","1970",4524
"2670","Slovenia","1970",1676
"2671","Solomon Islands","1970",163
"2672","Somalia","1970",3667
"2673","South Africa","1970",22740
"2674","South Korea","1970",32241
"2675","Spain","1970",33876
"2676","Sri Lanka","1970",12619
"2677","Sudan","1970",13788
"2678","Suriname","1970",372
"2679","Swaziland","1970",455
"2680","Sweden","1970",8043
"2681","Switzerland","1970",6267
"2682","Syria","1970",6258
"2683","Taiwan","1970",14598
"2684","Tajikistan","1970",2939
"2685","Tanzania","1970",13807
"2686","Thailand","1970",37091
"2687","Timor-Leste","1970",598
"2688","Togo","1970",1964
"2689","Tonga","1970",83
"2690","Trinidad and Tobago","1970",955
"2691","Tunisia","1970",5099
"2692","Turkey","1970",35758
"2693","Turkmenistan","1970",2181
"2694","Turks and Caicos Islands (UK)","1970",6
"2695","Tuvalu","1970",6
"2696","Uganda","1970",9743
"2697","Ukraine","1970",47236
"2698","United Arab Emirates","1970",249
"2699","United Kingdom","1970",55632
"2700","United States","1970",203984
"2701","United States Virgin Islands","1970",63
"2702","Uruguay","1970",2824
"2703","Uzbekistan","1970",11940
"2704","Vanuatu","1970",85
"2705","Venezuela","1970",10758
"2706","Vietnam","1970",42577
"2707","Wallis and Futuna (France)","1970",9
"2708","West Bank","1970",690
"2709","Western Sahara","1970",89
"2710","Yemen","1970",7098
"2711","Zambia","1970",4248
"2712","Zimbabwe","1970",5515
"2713","Afghanistan","1975",14132
"2714","Albania","1975",2401
"2715","Algeria","1975",16140
"2716","American Samoa","1975",30
"2717","Andorra","1975",27
"2718","Angola","1975",6050
"2719","Anguilla (UK)","1975",6
"2720","Antigua and Barbuda","1975",68
"2721","Argentina","1975",26082
"2722","Armenia","1975",2834
"2723","Aruba (Netherlands)","1975",59
"2724","Australia","1975",13771
"2725","Austria","1975",7579
"2726","Azerbaijan","1975",5696
"2727","Bahamas","1975",189
"2728","Bahrain","1975",259
"2729","Bangladesh","1975",76153
"2730","Barbados","1975",247
"2731","Belarus","1975",9360
"2732","Belgium","1975",9795
"2733","Belize","1975",136
"2734","Benin","1975",2996
"2735","Bermuda (UK)","1975",54
"2736","Bhutan","1975",373
"2737","Bolivia","1975",4914
"2738","Bosnia and Herzegovina","1975",3980
"2739","Botswana","1975",705
"2740","Brazil","1975",108879
"2741","British Virgin Islands","1975",11
"2742","Brunei","1975",156
"2743","Bulgaria","1975",8721
"2744","Burkina Faso","1975",5673
"2745","Burundi","1975",3676
"2746","Cambodia","1975",7500
"2747","Cameroon","1975",7522
"2748","Canada","1975",23209
"2749","Cape Verde","1975",280
"2750","Cayman Islands (UK)","1975",14
"2751","Central African Republic","1975",2058
"2752","Chad","1975",4144
"2753","Chile","1975",10252
"2754","China","1975",917899
"2755","Colombia","1975",24125
"2756","Comoros","1975",276
"2757","Congo (Brazzaville)","1975",1454
"2758","Congo (Kinshasa)","1975",25032
"2759","Costa Rica","1975",1992
"2760","Croatia","1975",4255
"2761","Cuba","1975",9290
"2762","Curaçao (Netherlands)","1975",149
"2763","Cyprus","1975",627
"2764","Czech Republic","1975",10042
"2765","Denmark","1975",5060
"2766","Djibouti","1975",227
"2767","Dominica","1975",74
"2768","Dominican Republic","1975",5048
"2769","Ecuador","1975",6872
"2770","Egypt","1975",36952
"2771","El Salvador","1975",4073
"2772","Equatorial Guinea","1975",213
"2773","Eritrea","1975",2421
"2774","Estonia","1975",1432
"2775","Ethiopia","1975",32976
"2776","Faroe Islands (Denmark)","1975",41
"2777","Federated States of Micronesia","1975",66
"2778","Fiji","1975",576
"2779","Finland","1975",4711
"2780","France","1975",53955
"2781","French Polynesia","1975",133
"2782","Gabon","1975",647
"2783","Gambia","1975",566
"2784","Gaza Strip","1975",395
"2785","Georgia","1975",4898
"2786","Germany","1975",78682
"2787","Ghana","1975",10117
"2788","Gibraltar (UK)","1975",29
"2789","Greece","1975",9047
"2790","Greenland (Denmark)","1975",50
"2791","Grenada","1975",96
"2792","Guam (US)","1975",102
"2793","Guatemala","1975",5910
"2794","Guernsey (UK)","1975",54
"2795","Guinea","1975",4019
"2796","Guinea-Bissau","1975",681
"2797","Guyana","1975",768
"2798","Haiti","1975",4973
"2799","Honduras","1975",2858
"2800","Hong Kong (China)","1975",4396
"2801","Hungary","1975",10532
"2802","Iceland","1975",218
"2803","India","1975",618923
"2804","Indonesia","1975",135272
"2805","Iran","1975",33467
"2806","Iraq","1975",11118
"2807","Ireland","1975",3177
"2808","Isle of Man (UK)","1975",59
"2809","Israel","1975",3354
"2810","Italy","1975",55572
"2811","Ivory Coast","1975",7031
"2812","Jamaica","1975",2105
"2813","Japan","1975",111573
"2814","Jersey (UK)","1975",72
"2815","Jordan","1975",1803
"2816","Kazakhstan","1975",14157
"2817","Kenya","1975",13433
"2818","Kiribati","1975",53
"2819","Kuwait","1975",1007
"2820","Kyrgyzstan","1975",3301
"2821","Laos","1975",3161
"2822","Latvia","1975",2462
"2823","Lebanon","1975",2691
"2824","Lesotho","1975",1195
"2825","Liberia","1975",1617
"2826","Libya","1975",2570
"2827","Liechtenstein","1975",23
"2828","Lithuania","1975",3305
"2829","Luxembourg","1975",359
"2830","Macau (China)","1975",254
"2831","Macedonia","1975",1684
"2832","Madagascar","1975",7604
"2833","Malawi","1975",5317
"2834","Malaysia","1975",12131
"2835","Maldives","1975",133
"2836","Mali","1975",6218
"2837","Malta","1975",328
"2838","Marshall Islands","1975",26
"2839","Mauritania","1975",1404
"2840","Mauritius","1975",885
"2841","Mayotte (France)","1975",43
"2842","Mexico","1975",60678
"2843","Moldova","1975",3847
"2844","Monaco","1975",25
"2845","Mongolia","1975",1446
"2846","Montenegro","1975",549
"2847","Montserrat (UK)","1975",12
"2848","Morocco","1975",17687
"2849","Mozambique","1975",10433
"2850","Myanmar","1975",30330
"2851","Namibia","1975",915
"2852","Nauru","1975",7
"2853","Nepal","1975",13156
"2854","Netherlands","1975",13665
"2855","New Caledonia (France)","1975",133
"2856","New Zealand","1975",3118
"2857","Nicaragua","1975",2395
"2858","Niger","1975",5419
"2859","Nigeria","1975",64428
"2860","North Korea","1975",16014
"2861","Northern Mariana Islands (US)","1975",15
"2862","Norway","1975",4007
"2863","Oman","1975",920
"2864","Pakistan","1975",76456
"2865","Palau","1975",13
"2866","Panama","1975",1749
"2867","Papua New Guinea","1975",2504
"2868","Paraguay","1975",2848
"2869","Peru","1975",15161
"2870","Philippines","1975",44337
"2871","Poland","1975",33969
"2872","Portugal","1975",9411
"2873","Puerto Rico","1975",2935
"2874","Qatar","1975",165
"2875","Romania","1975",21245
"2876","Russia","1975",134293
"2877","Rwanda","1975",4357
"2878","Saint Barthélemy (France)","1975",3
"2879","Saint Helena Ascension and Tristan da Cunha (UK)","1975",6
"2880","Saint Kitts and Nevis","1975",45
"2881","Saint Lucia","1975",112
"2882","Saint Martin (France)","1975",6
"2883","Saint Pierre and Miquelon (France)","1975",6
"2884","Saint Vincent and the Grenadines","1975",92
"2885","Samoa","1975",151
"2886","San Marino","1975",20
"2887","São Tomé and Príncipe","1975",82
"2888","Saudi Arabia","1975",7208
"2889","Senegal","1975",4989
"2890","Serbia","1975",7431
"2891","Seychelles","1975",60
"2892","Sierra Leone","1975",3030
"2893","Singapore","1975",2263
"2894","Sint Maarten (Netherlands)","1975",10
"2895","Slovakia","1975",4730
"2896","Slovenia","1975",1722
"2897","Solomon Islands","1975",193
"2898","Somalia","1975",4128
"2899","South Africa","1975",25815
"2900","South Korea","1975",35281
"2901","Spain","1975",35564
"2902","Sri Lanka","1975",13779
"2903","Sudan","1975",16156
"2904","Suriname","1975",363
"2905","Swaziland","1975",521
"2906","Sweden","1975",8193
"2907","Switzerland","1975",6404
"2908","Syria","1975",7407
"2909","Taiwan","1975",16122
"2910","Tajikistan","1975",3449
"2911","Tanzania","1975",16148
"2912","Thailand","1975",42272
"2913","Timor-Leste","1975",677
"2914","Togo","1975",2267
"2915","Tonga","1975",89
"2916","Trinidad and Tobago","1975",1007
"2917","Tunisia","1975",5704
"2918","Turkey","1975",40530
"2919","Turkmenistan","1975",2524
"2920","Turks and Caicos Islands (UK)","1975",6
"2921","Tuvalu","1975",6
"2922","Uganda","1975",10952
"2923","Ukraine","1975",48973
"2924","United Arab Emirates","1975",523
"2925","United Kingdom","1975",56215
"2926","United States","1975",215465
"2927","United States Virgin Islands","1975",94
"2928","Uruguay","1975",2844
"2929","Uzbekistan","1975",13988
"2930","Vanuatu","1975",100
"2931","Venezuela","1975",12675
"2932","Vietnam","1975",48075
"2933","Wallis and Futuna (France)","1975",9
"2934","West Bank","1975",806
"2935","Western Sahara","1975",72
"2936","Yemen","1975",7934
"2937","Zambia","1975",4897
"2938","Zimbabwe","1975",6342
"2939","Afghanistan","1980",15044
"2940","Albania","1980",2671
"2941","Algeria","1980",18806
"2942","American Samoa","1980",32
"2943","Andorra","1980",34
"2944","Angola","1980",7206
"2945","Anguilla (UK)","1980",7
"2946","Antigua and Barbuda","1980",69
"2947","Argentina","1980",28370
"2948","Armenia","1980",3115
"2949","Aruba (Netherlands)","1980",60
"2950","Australia","1980",14616
"2951","Austria","1980",7549
"2952","Azerbaijan","1980",6198
"2953","Bahamas","1980",210
"2954","Bahrain","1980",348
"2955","Bangladesh","1980",87937
"2956","Barbados","1980",252
"2957","Belarus","1980",9644
"2958","Belgium","1980",9847
"2959","Belize","1980",144
"2960","Benin","1980",3458
"2961","Bermuda (UK)","1980",55
"2962","Bhutan","1980",446
"2963","Bolivia","1980",5441
"2964","Bosnia and Herzegovina","1980",4092
"2965","Botswana","1980",900
"2966","Brazil","1980",123020
"2967","British Virgin Islands","1980",11
"2968","Brunei","1980",185
"2969","Bulgaria","1980",8844
"2970","Burkina Faso","1980",6318
"2971","Burundi","1980",4298
"2972","Cambodia","1980",6889
"2973","Cameroon","1980",8762
"2974","Canada","1980",24593
"2975","Cape Verde","1980",296
"2976","Cayman Islands (UK)","1980",17
"2977","Central African Republic","1980",2349
"2978","Chad","1980",4522
"2979","Chile","1980",11094
"2980","China","1980",984736
"2981","Colombia","1980",26631
"2982","Comoros","1980",340
"2983","Congo (Brazzaville)","1980",1674
"2984","Congo (Kinshasa)","1980",29011
"2985","Costa Rica","1980",2299
"2986","Croatia","1980",4383
"2987","Cuba","1980",9653
"2988","Curaçao (Netherlands)","1980",148
"2989","Cyprus","1980",630
"2990","Czech Republic","1980",10289
"2991","Denmark","1980",5123
"2992","Djibouti","1980",327
"2993","Dominica","1980",74
"2994","Dominican Republic","1980",5697
"2995","Ecuador","1980",7920
"2996","Egypt","1980",42634
"2997","El Salvador","1980",4570
"2998","Equatorial Guinea","1980",256
"2999","Eritrea","1980",2569
"3000","Estonia","1980",1482
"3001","Ethiopia","1980",36036
"3002","Faroe Islands (Denmark)","1980",43
"3003","Federated States of Micronesia","1980",77
"3004","Fiji","1980",635
"3005","Finland","1980",4780
"3006","France","1980",55110
"3007","French Polynesia","1980",151
"3008","Gabon","1980",714
"3009","Gambia","1980",652
"3010","Gaza Strip","1980",456
"3011","Georgia","1980",5046
"3012","Germany","1980",78298
"3013","Ghana","1980",11011
"3014","Gibraltar (UK)","1980",29
"3015","Greece","1980",9643
"3016","Greenland (Denmark)","1980",50
"3017","Grenada","1980",90
"3018","Guam (US)","1980",107
"3019","Guatemala","1980",6650
"3020","Guernsey (UK)","1980",53
"3021","Guinea","1980",4447
"3022","Guinea-Bissau","1980",789
"3023","Guyana","1980",759
"3024","Haiti","1980",5508
"3025","Honduras","1980",3402
"3026","Hong Kong (China)","1980",5063
"3027","Hungary","1980",10711
"3028","Iceland","1980",228
"3029","India","1980",684888
"3030","Indonesia","1980",150467
"3031","Iran","1980",39709
"3032","Iraq","1980",13233
"3033","Ireland","1980",3401
"3034","Isle of Man (UK)","1980",64
"3035","Israel","1980",3737
"3036","Italy","1980",56451
"3037","Ivory Coast","1980",8593
"3038","Jamaica","1980",2229
"3039","Japan","1980",116807
"3040","Jersey (UK)","1980",76
"3041","Jordan","1980",2163
"3042","Kazakhstan","1980",15000
"3043","Kenya","1980",16331
"3044","Kiribati","1980",58
"3045","Kuwait","1980",1370
"3046","Kyrgyzstan","1980",3623
"3047","Laos","1980",3293
"3048","Latvia","1980",2525
"3049","Lebanon","1980",2899
"3050","Lesotho","1980",1359
"3051","Liberia","1980",1857
"3052","Libya","1980",3069
"3053","Liechtenstein","1980",25
"3054","Lithuania","1980",3435
"3055","Luxembourg","1980",364
"3056","Macau (China)","1980",256
"3057","Macedonia","1980",1792
"3058","Madagascar","1980",8691
"3059","Malawi","1980",6259
"3060","Malaysia","1980",13460
"3061","Maldives","1980",153
"3062","Mali","1980",6822
"3063","Malta","1980",364
"3064","Marshall Islands","1980",31
"3065","Mauritania","1980",1545
"3066","Mauritius","1980",964
"3067","Mayotte (France)","1980",53
"3068","Mexico","1980",68347
"3069","Moldova","1980",3996
"3070","Monaco","1980",27
"3071","Mongolia","1980",1662
"3072","Montenegro","1980",560
"3073","Montserrat (UK)","1980",12
"3074","Morocco","1980",19487
"3075","Mozambique","1980",12103
"3076","Myanmar","1980",33336
"3077","Namibia","1980",1058
"3078","Nauru","1980",8
"3079","Nepal","1980",14665
"3080","Netherlands","1980",14155
"3081","New Caledonia (France)","1980",139
"3082","New Zealand","1980",3170
"3083","Nicaragua","1980",2803
"3084","Niger","1980",6093
"3085","Nigeria","1980",74829
"3086","North Korea","1980",17390
"3087","Northern Mariana Islands (US)","1980",17
"3088","Norway","1980",4086
"3089","Oman","1980",1185
"3090","Pakistan","1980",85219
"3091","Palau","1980",13
"3092","Panama","1980",1960
"3093","Papua New Guinea","1980",2846
"3094","Paraguay","1980",3172
"3095","Peru","1980",17295
"3096","Philippines","1980",50940
"3097","Poland","1980",35578
"3098","Portugal","1980",9778
"3099","Puerto Rico","1980",3210
"3100","Qatar","1980",229
"3101","Romania","1980",22130
"3102","Russia","1980",139039
"3103","Rwanda","1980",5140
"3104","Saint Barthélemy (France)","1980",3
"3105","Saint Helena Ascension and Tristan da Cunha (UK)","1980",6
"3106","Saint Kitts and Nevis","1980",44
"3107","Saint Lucia","1980",122
"3108","Saint Martin (France)","1980",8
"3109","Saint Pierre and Miquelon (France)","1980",6
"3110","Saint Vincent and the Grenadines","1980",98
"3111","Samoa","1980",159
"3112","San Marino","1980",21
"3113","São Tomé and Príncipe","1980",94
"3114","Saudi Arabia","1980",10022
"3115","Senegal","1980",5611
"3116","Serbia","1980",7588
"3117","Seychelles","1980",64
"3118","Sierra Leone","1980",3335
"3119","Singapore","1980",2414
"3120","Sint Maarten (Netherlands)","1980",12
"3121","Slovakia","1980",4966
"3122","Slovenia","1980",1833
"3123","Solomon Islands","1980",231
"3124","Somalia","1980",5794
"3125","South Africa","1980",29252
"3126","South Korea","1980",38124
"3127","Spain","1980",37488
"3128","Sri Lanka","1980",15056
"3129","Sudan","1980",19482
"3130","Suriname","1980",354
"3131","Swaziland","1980",611
"3132","Sweden","1980",8310
"3133","Switzerland","1980",6385
"3134","Syria","1980",8752
"3135","Taiwan","1980",17848
"3136","Tajikistan","1980",3966
"3137","Tanzania","1980",18665
"3138","Thailand","1980",47026
"3139","Timor-Leste","1980",557
"3140","Togo","1980",2626
"3141","Tonga","1980",92
"3142","Trinidad and Tobago","1980",1091
"3143","Tunisia","1980",6443
"3144","Turkey","1980",45048
"3145","Turkmenistan","1980",2875
"3146","Turks and Caicos Islands (UK)","1980",7
"3147","Tuvalu","1980",7
"3148","Uganda","1980",12415
"3149","Ukraine","1980",50047
"3150","United Arab Emirates","1980",1000
"3151","United Kingdom","1980",56314
"3152","United States","1980",227225
"3153","United States Virgin Islands","1980",100
"3154","Uruguay","1980",2930
"3155","Uzbekistan","1980",15994
"3156","Vanuatu","1980",117
"3157","Venezuela","1980",14768
"3158","Vietnam","1980",53715
"3159","Wallis and Futuna (France)","1980",11
"3160","West Bank","1980",904
"3161","Western Sahara","1980",124
"3162","Yemen","1980",9133
"3163","Zambia","1980",5643
"3164","Zimbabwe","1980",7170
